exp,DOCf,ext_se,ext_me,dDOC,ymin,ymax
JBF,0,-0.171649495,-0.738607778,-4.2,-3.461392222,-4.938607778
JBF,1,-0.168385096,-0.724561069,-4.004905752,-3.280344683,-4.729466821
JBF,2,-0.165120697,-0.710514359,-3.822404116,-3.111889757,-4.532918475
JBF,3,-0.161856298,-0.69646765,-3.651314001,-2.954846351,-4.347781651
JBF,4,-0.158591899,-0.682420941,-3.49059754,-2.808176599,-4.173018481
JBF,5,-0.1553275,-0.668374232,-3.339339019,-2.670964787,-4.007713251
JBF,6,-0.152063101,-0.654327523,-3.196727423,-2.5423999,-3.851054946
JBF,7,-0.148798702,-0.640280814,-3.062041885,-2.421761071,-3.702322699
JBF,8,-0.145534303,-0.626234104,-2.934639498,-2.308405394,-3.560873602
JBF,9,-0.142269904,-0.612187395,-2.813945059,-2.201757664,-3.426132454
JBF,10,-0.139005505,-0.598140686,-2.699442379,-2.101301693,-3.297583065
JBF,11,-0.135741106,-0.584093977,-2.590666908,-2.006572931,-3.174760885
JBF,12,-0.132476706,-0.570047268,-2.487199434,-1.917152166,-3.057246702
JBF,13,-0.129212307,-0.556000559,-2.388660683,-1.832660124,-2.944661242
JBF,14,-0.125947908,-0.54195385,-2.294706676,-1.752752826,-2.836660526
JBF,15,-0.122683509,-0.52790714,-2.205024712,-1.677117572,-2.732931852
JBF,16,-0.11941911,-0.513860431,-2.119329897,-1.605469466,-2.633190328
JBF,17,-0.116154711,-0.499813722,-2.037362118,-1.537548396,-2.53717584
JBF,18,-0.112890312,-0.485767013,-1.958883405,-1.473116392,-2.444650418
JBF,19,-0.109625913,-0.471720304,-1.883675627,-1.411955323,-2.355395931
JBF,20,-0.106361514,-0.457673595,-1.811538462,-1.353864867,-2.269212057
JBF,21,-0.103097115,-0.443626885,-1.74228762,-1.298660735,-2.185914505
JBF,22,-0.099832716,-0.429580176,-1.675753269,-1.246173093,-2.105333445
JBF,23,-0.096568317,-0.415533467,-1.611778645,-1.196245178,-2.027312112
JBF,24,-0.093303918,-0.401486758,-1.550218818,-1.14873206,-1.951705576
JBF,25,-0.090039519,-0.387440049,-1.490939597,-1.103499548,-1.878379646
JBF,26,-0.08677512,-0.37339334,-1.433816552,-1.060423212,-1.807209892
JBF,27,-0.083510721,-0.359346631,-1.378734144,-1.019387513,-1.738080775
JBF,28,-0.080246322,-0.345299921,-1.325584944,-0.980285023,-1.670884865
JBF,29,-0.076981922,-0.331253212,-1.274268933,-0.943015721,-1.605522145
JBF,30,-0.073717523,-0.317206503,-1.224692875,-0.907486372,-1.541899378
JBF,31,-0.070453124,-0.303159794,-1.176769751,-0.873609957,-1.479929545
JBF,32,-0.067188725,-0.289113085,-1.130418251,-0.841305166,-1.419531336
JBF,33,-0.063924326,-0.275066376,-1.08556231,-0.810495934,-1.360628686
JBF,34,-0.060659927,-0.261019667,-1.042130695,-0.781111028,-1.303150362
JBF,35,-0.057395528,-0.246972957,-1.000056625,-0.753083668,-1.247029582
JBF,36,-0.054131129,-0.232926248,-0.959277431,-0.726351183,-1.192203679
JBF,37,-0.05086673,-0.218879539,-0.919734241,-0.700854702,-1.13861378
JBF,38,-0.047602331,-0.20483283,-0.881371701,-0.676538871,-1.086204531
JBF,39,-0.044337932,-0.190786121,-0.844137711,-0.65335159,-1.034923832
JBF,40,-0.041073533,-0.176739412,-0.807983193,-0.631243781,-0.984722605
JBF,41,-0.037809134,-0.162692702,-0.772861876,-0.610169174,-0.935554578
JBF,42,-0.034544735,-0.148645993,-0.738730094,-0.590084101,-0.887376087
JBF,43,-0.031280336,-0.134599284,-0.705546608,-0.570947324,-0.840145892
JBF,44,-0.028015937,-0.120552575,-0.673272438,-0.552719863,-0.793825013
JBF,45,-0.024751537,-0.106505866,-0.641870715,-0.535364849,-0.748376581
JBF,46,-0.021487138,-0.092459157,-0.611306533,-0.518847376,-0.70376569
JBF,47,-0.018222739,-0.078412448,-0.581546824,-0.503134376,-0.659959272
JBF,48,-0.01495834,-0.064365738,-0.552560241,-0.488194503,-0.616925979
JBF,49,-0.011693941,-0.050319029,-0.524317041,-0.473998012,-0.57463607
JBF,50,-0.008429542,-0.03627232,-0.496788991,-0.460516671,-0.533061311
JBF,51,-0.005165143,-0.022225611,-0.469949266,-0.447723655,-0.492174877
JBF,52,-0.001900744,-0.008178902,-0.443772369,-0.435593467,-0.451951271
JBF,53,0.001363655,0.005867807,-0.418234046,-0.424101853,-0.412366239
JBF,54,0.004628054,0.019914517,-0.393311212,-0.413225729,-0.373396695
JBF,55,0.007892453,0.033961226,-0.368981881,-0.402943107,-0.335020655
JBF,56,0.011156852,0.048007935,-0.345225102,-0.393233037,-0.297217167
JBF,57,0.014421251,0.062054644,-0.3220209,-0.384075544,-0.259966256
JBF,58,0.01768565,0.076101353,-0.299350217,-0.37545157,-0.223248864
JBF,59,0.020950049,0.090148062,-0.277194861,-0.367342923,-0.187046799
JBF,60,0.024214448,0.104194771,-0.255537459,-0.35973223,-0.151342688
JBF,61,0.027478847,0.118241481,-0.234361411,-0.352602892,-0.11611993
JBF,62,0.030743247,0.13228819,-0.213650844,-0.345939034,-0.081362654
JBF,63,0.034007646,0.146334899,-0.193390578,-0.339725477,-0.047055679
JBF,64,0.037272045,0.160381608,-0.173566085,-0.333947693,-0.013184477
JBF,65,0.040536444,0.174428317,-0.154163454,-0.328591771,0.020264863
JBF,66,0.043800843,0.188475026,-0.135169362,-0.323644388,0.053305664
JBF,67,0.047065242,0.202521736,-0.11657104,-0.319092776,0.085950696
JBF,68,0.050329641,0.216568445,-0.098356246,-0.314924691,0.118212199
JBF,69,0.05359404,0.230615154,-0.080513238,-0.311128392,0.150101916
JBF,70,0.056858439,0.244661863,-0.063030747,-0.30769261,0.181631116
JBF,71,0.060122838,0.258708572,-0.045897956,-0.304606528,0.212810616
JBF,72,0.063387237,0.272755281,-0.029104478,-0.301859759,0.243650803
JBF,73,0.066651636,0.28680199,-0.01264033,-0.29944232,0.27416166
JBF,74,0.069916035,0.3008487,0.003504081,-0.297344619,0.304352781
JBF,75,0.073180434,0.314895409,0.019337979,-0.29555743,0.334233388
JBF,76,0.076444833,0.328942118,0.034870237,-0.294071881,0.363812355
JBF,77,0.079709232,0.342988827,0.050109394,-0.292879433,0.393098221
JBF,78,0.082973631,0.357035536,0.065063668,-0.291971868,0.422099204
JBF,79,0.086238031,0.371082245,0.079740974,-0.291341271,0.450823219
JBF,80,0.08950243,0.385128954,0.094148936,-0.290980018,0.47927789
JBF,81,0.092766829,0.399175664,0.108294901,-0.290880763,0.507470565
JBF,82,0.096031228,0.413222373,0.122185949,-0.291036424,0.535408322
JBF,83,0.099295627,0.427269082,0.135828912,-0.29144017,0.563097994
JBF,84,0.102560026,0.441315791,0.149230375,-0.292085416,0.590546166
JBF,85,0.105824425,0.4553625,0.162396694,-0.292965806,0.617759194
JBF,86,0.109088824,0.469409209,0.175334006,-0.294075203,0.644743215
JBF,87,0.112353223,0.483455919,0.188048232,-0.295407687,0.671504151
JBF,88,0.115617622,0.497502628,0.200545094,-0.296957534,0.698047722
JBF,89,0.118882021,0.511549337,0.212830119,-0.298719218,0.724379456
JBF,90,0.12214642,0.525596046,0.224908648,-0.300687398,0.750504694
JBF,91,0.125410819,0.539642755,0.236785844,-0.302856911,0.776428599
JBF,92,0.128675218,0.553689464,0.248466699,-0.305222765,0.802156163
JBF,93,0.131939617,0.567736173,0.259956041,-0.307780132,0.827692214
JBF,94,0.135204016,0.581782883,0.271258543,-0.31052434,0.853041426
JBF,95,0.138468415,0.595829592,0.282378726,-0.313450866,0.878208318
JBF,96,0.141732815,0.609876301,0.293320965,-0.316555336,0.903197266
JBF,97,0.144997214,0.62392301,0.304089497,-0.319833513,0.928012507
JBF,98,0.148261613,0.637969719,0.314688427,-0.323281292,0.952658146
JBF,99,0.151526012,0.652016428,0.32512173,-0.326894698,0.977138158
JBF,100,0.154790411,0.666063138,0.335393258,-0.33066988,1.001456396
JBF,101,0.15805481,0.680109847,0.345506745,-0.334603102,1.025616592
JBF,102,0.161319209,0.694156556,0.355465811,-0.338690745,1.049622367
JBF,103,0.164583608,0.708203265,0.365273965,-0.3429293,1.07347723
JBF,104,0.167848007,0.722249974,0.374934612,-0.347315362,1.097184586
JBF,105,0.171112406,0.736296683,0.384451055,-0.351845628,1.120747738
JBF,106,0.174376805,0.750343392,0.393826498,-0.356516894,1.14416989
JBF,107,0.177641204,0.764390102,0.403064052,-0.36132605,1.167454154
JBF,108,0.180905603,0.778436811,0.412166737,-0.366270074,1.190603548
JBF,109,0.184170002,0.79248352,0.421137486,-0.371346034,1.213621006
JBF,110,0.187434401,0.806530229,0.429979145,-0.376551084,1.236509374
JBF,111,0.1906988,0.820576938,0.438694482,-0.381882456,1.25927142
JBF,112,0.193963199,0.834623647,0.447286184,-0.387337463,1.281909831
JBF,113,0.197227599,0.848670356,0.455756864,-0.392913492,1.30442722
JBF,114,0.200491998,0.862717066,0.464109061,-0.398608005,1.326826127
JBF,115,0.203756397,0.876763775,0.472345244,-0.404418531,1.349109019
JBF,116,0.207020796,0.890810484,0.480467813,-0.410342671,1.371278297
JBF,117,0.210285195,0.904857193,0.488479103,-0.41637809,1.393336296
JBF,118,0.213549594,0.918903902,0.496381384,-0.422522518,1.415285286
JBF,119,0.216813993,0.932950611,0.504176868,-0.428773743,1.437127479
JBF,120,0.220078392,0.946997321,0.511867704,-0.435129617,1.458865025
JBF,121,0.223342791,0.96104403,0.519455986,-0.441588044,1.480500016
JBF,122,0.22660719,0.975090739,0.526943751,-0.448146988,1.50203449
JBF,123,0.229871589,0.989137448,0.534332984,-0.454804464,1.523470432
JBF,124,0.233135988,1.003184157,0.541625616,-0.461558541,1.544809773
JBF,125,0.236400387,1.017230866,0.548823529,-0.468407337,1.566054395
JBF,126,0.239664786,1.031277575,0.555928558,-0.475349017,1.587206133
JBF,127,0.242929185,1.045324285,0.562942488,-0.482381797,1.608266773
JBF,128,0.246193584,1.059370994,0.569867061,-0.489503933,1.629238055
JBF,129,0.249457983,1.073417703,0.576703972,-0.496713731,1.650121675
JBF,130,0.252722383,1.087464412,0.583454877,-0.504009535,1.670919289
JBF,131,0.255986782,1.101511121,0.590121388,-0.511389733,1.691632509
JBF,132,0.259251181,1.11555783,0.596705077,-0.518852753,1.712262907
JBF,133,0.26251558,1.12960454,0.60320748,-0.52639706,1.73281202
JBF,134,0.265779979,1.143651249,0.609630091,-0.534021158,1.75328134
JBF,135,0.269044378,1.157697958,0.61597437,-0.541723588,1.773672328
JBF,136,0.272308777,1.171744667,0.622241743,-0.549502924,1.79398641
JBF,137,0.275573176,1.185791376,0.628433598,-0.557357778,1.814224974
JBF,138,0.278837575,1.199838085,0.634551293,-0.565286792,1.834389378
JBF,139,0.282101974,1.213884794,0.640596152,-0.573288642,1.854480946
JBF,140,0.285366373,1.227931504,0.646569468,-0.581362036,1.874500972
JBF,141,0.288630772,1.241978213,0.652472504,-0.589505709,1.894450717
JBF,142,0.291895171,1.256024922,0.658306493,-0.597718429,1.914331415
JBF,143,0.29515957,1.270071631,0.664072638,-0.605998993,1.934144269
JBF,144,0.298423969,1.28411834,0.669772118,-0.614346222,1.953890458
JBF,145,0.301688368,1.298165049,0.675406081,-0.622758968,1.97357113
JBF,146,0.304952767,1.312211759,0.68097565,-0.631236109,1.993187409
JBF,147,0.308217167,1.326258468,0.686481924,-0.639776544,2.012740392
JBF,148,0.311481566,1.340305177,0.691925974,-0.648379203,2.032231151
JBF,149,0.314745965,1.354351886,0.697308851,-0.657043035,2.051660737
JBF,150,0.318010364,1.368398595,0.702631579,-0.665767016,2.071030174
JBF,151,0.321274763,1.382445304,0.707895161,-0.674550143,2.090340465
JBF,152,0.324539162,1.396492013,0.713100577,-0.683391436,2.10959259
JBF,153,0.327803561,1.410538723,0.718248786,-0.692289937,2.128787509
JBF,154,0.33106796,1.424585432,0.723340725,-0.701244707,2.147926157
JBF,155,0.334332359,1.438632141,0.728377314,-0.710254827,2.167009455
JBF,156,0.337596758,1.45267885,0.733359448,-0.719319402,2.186038298
JBF,157,0.340861157,1.466725559,0.738288007,-0.728437552,2.205013566
JBF,158,0.344125556,1.480772268,0.743163851,-0.737608417,2.223936119
JBF,159,0.347389955,1.494818977,0.747987819,-0.746831158,2.242806796
JBF,160,0.350654354,1.508865687,0.752760736,-0.756104951,2.261626423
JBF,161,0.353918753,1.522912396,0.757483408,-0.765428988,2.280395804
JBF,162,0.357183152,1.536959105,0.762156625,-0.77480248,2.29911573
JBF,163,0.360447551,1.551005814,0.766781158,-0.784224656,2.317786972
JBF,164,0.363711951,1.565052523,0.771357765,-0.793694758,2.336410288
JBF,165,0.36697635,1.579099232,0.775887187,-0.803212045,2.354986419
JBF,166,0.370240749,1.593145942,0.78037015,-0.812775792,2.373516092
JBF,167,0.373505148,1.607192651,0.784807365,-0.822385286,2.392000016
JBF,168,0.376769547,1.62123936,0.789199529,-0.832039831,2.410438889
JBF,169,0.380033946,1.635286069,0.793547325,-0.841738744,2.428833394
JBF,170,0.383298345,1.649332778,0.79785142,-0.851481358,2.447184198
JBF,171,0.386562744,1.663379487,0.802112472,-0.861267015,2.465491959
JBF,172,0.389827143,1.677426196,0.806331122,-0.871095074,2.483757318
JBF,173,0.393091542,1.691472906,0.810508,-0.880964906,2.501980906
JBF,174,0.396355941,1.705519615,0.814643724,-0.890875891,2.520163339
JBF,175,0.39962034,1.719566324,0.818738899,-0.900827425,2.538305223
JBF,176,0.402884739,1.733613033,0.822794118,-0.910818915,2.556407151
JBF,177,0.406149138,1.747659742,0.826809963,-0.920849779,2.574469705
JBF,178,0.409413537,1.761706451,0.830787005,-0.930919446,2.592493456
JBF,179,0.412677936,1.775753161,0.834725803,-0.941027358,2.610478964
JBF,180,0.415942336,1.78979987,0.838626907,-0.951172963,2.628426777
JBF,181,0.419206735,1.803846579,0.842490855,-0.961355724,2.646337434
JBF,182,0.422471134,1.817893288,0.846318176,-0.971575112,2.664211464
JBF,183,0.425735533,1.831939997,0.850109387,-0.98183061,2.682049384
JBF,184,0.428999932,1.845986706,0.853864997,-0.992121709,2.699851703
JBF,185,0.432264331,1.860033415,0.857585506,-1.002447909,2.717618921
JBF,186,0.43552873,1.874080125,0.861271404,-1.012808721,2.735351529
JBF,187,0.438793129,1.888126834,0.86492317,-1.023203664,2.753050004
JBF,188,0.442057528,1.902173543,0.868541277,-1.033632266,2.77071482
JBF,189,0.445321927,1.916220252,0.872126188,-1.044094064,2.78834644
JBF,190,0.448586326,1.930266961,0.875678359,-1.054588602,2.80594532
JBF,191,0.451850725,1.94431367,0.879198234,-1.065115436,2.823511904
JBF,192,0.455115124,1.958360379,0.882686254,-1.075674125,2.841046633
JBF,193,0.458379523,1.972407089,0.886142848,-1.086264241,2.858549937
JBF,194,0.461643922,1.986453798,0.889568439,-1.096885359,2.876022237
JBF,195,0.464908321,2.000500507,0.892963442,-1.107537065,2.893463949
JBF,196,0.46817272,2.014547216,0.896328266,-1.11821895,2.910875482
JBF,197,0.47143712,2.028593925,0.89966331,-1.128930615,2.928257235
JBF,198,0.474701519,2.042640634,0.902968969,-1.139671665,2.945609603
JBF,199,0.477965918,2.056687344,0.90624563,-1.150441714,2.962932974
JBF,200,0.481230317,2.070734053,0.909493671,-1.161240382,2.980227724
JBF,201,0.484494716,2.084780762,0.912713467,-1.172067295,2.997494229
JBF,202,0.487759115,2.098827471,0.915905383,-1.182922088,3.014732854
JBF,203,0.491023514,2.11287418,0.919069782,-1.193804398,3.031943962
JBF,204,0.494287913,2.126920889,0.922207017,-1.204713872,3.049127906
JBF,205,0.497552312,2.140967598,0.925317436,-1.215650162,3.066285034
JBF,206,0.500816711,2.155014308,0.928401382,-1.226612926,3.08341569
JBF,207,0.50408111,2.169061017,0.931459191,-1.237601826,3.100520208
JBF,208,0.507345509,2.183107726,0.934491194,-1.248616532,3.11759892
JBF,209,0.510609908,2.197154435,0.937497716,-1.259656719,3.134652151
JBF,210,0.513874307,2.211201144,0.940479078,-1.270722066,3.151680222
JBF,211,0.517138706,2.225247853,0.943435594,-1.281812259,3.168683447
JBF,212,0.520403105,2.239294563,0.946367573,-1.29292699,3.185662136
JBF,213,0.523667504,2.253341272,0.949275319,-1.304065953,3.202616591
JBF,214,0.526931904,2.267387981,0.952159132,-1.315228849,3.219547113
JBF,215,0.530196303,2.28143469,0.955019305,-1.326415385,3.236453995
JBF,216,0.533460702,2.295481399,0.957856129,-1.33762527,3.253337528
JBF,217,0.536725101,2.309528108,0.960669887,-1.348858221,3.270197995
JBF,218,0.5399895,2.323574817,0.963460861,-1.360113956,3.287035678
JBF,219,0.543253899,2.337621527,0.966229326,-1.371392201,3.303850853
JBF,220,0.546518298,2.351668236,0.968975553,-1.382692683,3.320643789
JBF,221,0.549782697,2.365714945,0.971699809,-1.394015136,3.337414754
JBF,222,0.553047096,2.379761654,0.974402356,-1.405359298,3.35416401
JBF,223,0.556311495,2.393808363,0.977083453,-1.41672491,3.370891816
JBF,224,0.559575894,2.407855072,0.979743355,-1.428111717,3.387598427
JBF,225,0.562840293,2.421901782,0.982382311,-1.439519471,3.404284093
JBF,226,0.566104692,2.435948491,0.985000568,-1.450947923,3.420949059
JBF,227,0.569369091,2.4499952,0.987598369,-1.462396831,3.437593569
JBF,228,0.57263349,2.464041909,0.990175953,-1.473865956,3.454217862
JBF,229,0.575897889,2.478088618,0.992733554,-1.485355064,3.470822172
JBF,230,0.579162288,2.492135327,0.995271405,-1.496863922,3.487406732
JBF,231,0.582426688,2.506182036,0.997789732,-1.508392304,3.503971768
JBF,232,0.585691087,2.520228746,1.000288761,-1.519939985,3.520517507
JBF,233,0.588955486,2.534275455,1.002768712,-1.531506743,3.537044167
JBF,234,0.592219885,2.548322164,1.005229803,-1.543092361,3.553551967
JBF,235,0.595484284,2.562368873,1.007672248,-1.554696625,3.570041121
JBF,236,0.598748683,2.576415582,1.010096259,-1.566319323,3.586511841
JBF,237,0.602013082,2.590462291,1.012502043,-1.577960248,3.602964334
JBF,238,0.605277481,2.604509,1.014889806,-1.589619194,3.619398806
JBF,239,0.60854188,2.61855571,1.017259748,-1.601295962,3.635815458
JBF,240,0.611806279,2.632602419,1.019612069,-1.61299035,3.652214488
JBF,241,0.615070678,2.646649128,1.021946964,-1.624702164,3.668596092
JBF,242,0.618335077,2.660695837,1.024264627,-1.63643121,3.684960464
JBF,243,0.621599476,2.674742546,1.026565248,-1.648177298,3.701307794
JBF,244,0.624863875,2.688789255,1.028849013,-1.659940242,3.717638268
JBF,245,0.628128274,2.702835965,1.031116107,-1.671719858,3.733952072
JBF,246,0.631392673,2.716882674,1.033366712,-1.683515962,3.750249386
JBF,247,0.634657072,2.730929383,1.035601008,-1.695328375,3.766530391
JBF,248,0.637921472,2.744976092,1.037819171,-1.707156921,3.782795263
JBF,249,0.641185871,2.759022801,1.040021375,-1.719001426,3.799044176
JBF,250,0.64445027,2.77306951,1.042207792,-1.730861718,3.815277302
JBF,251,0.647714669,2.787116219,1.044378591,-1.742737628,3.83149481
JBF,252,0.650979068,2.801162929,1.046533939,-1.75462899,3.847696868
JBF,253,0.654243467,2.815209638,1.048673999,-1.766535639,3.863883637
JBF,254,0.657507866,2.829256347,1.050798935,-1.778457412,3.880055282
JBF,255,0.660772265,2.843303056,1.052908905,-1.790394151,3.896211961
JBF,256,0.664036664,2.857349765,1.055004068,-1.802345697,3.912353833
JBF,257,0.667301063,2.871396474,1.057084579,-1.814311895,3.928481053
JBF,258,0.670565462,2.885443184,1.059150591,-1.826292593,3.944593775
JBF,259,0.673829861,2.899489893,1.061202255,-1.838287638,3.960692148
JBF,260,0.67709426,2.913536602,1.063239719,-1.850296883,3.976776321
JBF,261,0.680358659,2.927583311,1.065263132,-1.862320179,3.992846443
JBF,262,0.683623058,2.94163002,1.067272637,-1.874357383,4.008902657
JBF,263,0.686887457,2.955676729,1.069268377,-1.886408352,4.024945106
JBF,264,0.690151856,2.969723438,1.071250495,-1.898472943,4.040973933
JBF,265,0.693416256,2.983770148,1.073219127,-1.910551021,4.056989275
JBF,266,0.696680655,2.997816857,1.075174413,-1.922642444,4.07299127
JBF,267,0.699945054,3.011863566,1.077116486,-1.93474708,4.088980052
JBF,268,0.703209453,3.025910275,1.079045481,-1.946864794,4.104955756
JBF,269,0.706473852,3.039956984,1.080961529,-1.958995455,4.120918513
JBF,270,0.709738251,3.054003693,1.08286476,-1.971138933,4.136868453
JBF,271,0.71300265,3.068050402,1.084755302,-1.9832951,4.152805704
JBF,272,0.716267049,3.082097112,1.086633282,-1.99546383,4.168730394
JBF,273,0.719531448,3.096143821,1.088498824,-2.007644997,4.184642645
JBF,274,0.722795847,3.11019053,1.090352052,-2.019838478,4.200542582
JBF,275,0.726060246,3.124237239,1.092193087,-2.032044152,4.216430326
JBF,276,0.729324645,3.138283948,1.094022049,-2.044261899,4.232305997
JBF,277,0.732589044,3.152330657,1.095839057,-2.0564916,4.248169714
JBF,278,0.735853443,3.166377367,1.097644226,-2.068733141,4.264021593
JBF,279,0.739117842,3.180424076,1.099437674,-2.080986402,4.27986175
JBF,280,0.742382241,3.194470785,1.101219512,-2.093251273,4.295690297
JBF,281,0.74564664,3.208517494,1.102989855,-2.105527639,4.311507349
JBF,282,0.74891104,3.222564203,1.104748812,-2.117815391,4.327313015
JBF,283,0.752175439,3.236610912,1.106496493,-2.130114419,4.343107405
JBF,284,0.755439838,3.250657621,1.108233006,-2.142424615,4.358890627
JBF,285,0.758704237,3.264704331,1.109958458,-2.154745873,4.374662789
JBF,286,0.761968636,3.27875104,1.111672955,-2.167078085,4.390423995
JBF,287,0.765233035,3.292797749,1.1133766,-2.179421149,4.406174349
JBF,288,0.768497434,3.306844458,1.115069495,-2.191774963,4.421913953
JBF,289,0.771761833,3.320891167,1.116751743,-2.204139424,4.43764291
JBF,290,0.775026232,3.334937876,1.118423444,-2.216514432,4.45336132
JBF,291,0.778290631,3.348984586,1.120084696,-2.22889989,4.469069282
JBF,292,0.78155503,3.363031295,1.121735597,-2.241295698,4.484766892
JBF,293,0.784819429,3.377078004,1.123376243,-2.253701761,4.500454247
JBF,294,0.788083828,3.391124713,1.125006731,-2.266117982,4.516131444
JBF,295,0.791348227,3.405171422,1.126627153,-2.278544269,4.531798575
JBF,296,0.794612626,3.419218131,1.128237603,-2.290980528,4.547455734
JBF,297,0.797877025,3.43326484,1.129838172,-2.303426668,4.563103012
JBF,298,0.801141424,3.44731155,1.131428951,-2.315882599,4.578740501
JBF,299,0.804405824,3.461358259,1.13301003,-2.328348229,4.594368289
JBF,300,0.807670223,3.475404968,1.134581498,-2.34082347,4.609986466
JBF,301,0.810934622,3.489451677,1.136143441,-2.353308236,4.625595118
JBF,302,0.814199021,3.503498386,1.137695945,-2.365802441,4.641194331
JBF,303,0.81746342,3.517545095,1.139239097,-2.378305998,4.656784192
JBF,304,0.820727819,3.531591805,1.140772981,-2.390818824,4.672364786
JBF,305,0.823992218,3.545638514,1.142297678,-2.403340836,4.687936192
JBF,306,0.827256617,3.559685223,1.143813273,-2.41587195,4.703498496
JBF,307,0.830521016,3.573731932,1.145319846,-2.428412086,4.719051778
JBF,308,0.833785415,3.587778641,1.146817478,-2.440961163,4.734596119
JBF,309,0.837049814,3.60182535,1.148306248,-2.453519102,4.750131598
JBF,310,0.840314213,3.615872059,1.149786233,-2.466085826,4.765658292
JBF,311,0.843578612,3.629918769,1.151257513,-2.478661256,4.781176282
JBF,312,0.846843011,3.643965478,1.152720163,-2.491245315,4.796685641
JBF,313,0.85010741,3.658012187,1.154174259,-2.503837928,4.812186446
JBF,314,0.853371809,3.672058896,1.155619877,-2.516439019,4.827678773
JBF,315,0.856636209,3.686105605,1.157057089,-2.529048516,4.843162694
JBF,316,0.859900608,3.700152314,1.158485969,-2.541666345,4.858638283
JBF,317,0.863165007,3.714199023,1.159906589,-2.554292434,4.874105612
JBF,318,0.866429406,3.728245733,1.161319021,-2.566926712,4.889564754
JBF,319,0.869693805,3.742292442,1.162723335,-2.579569107,4.905015777
JBF,320,0.872958204,3.756339151,1.164119601,-2.59221955,4.920458752
JBS,0,0.000509626,0.002192921,-4.5,-4.502192921,-4.497807079
JBS,1,0.000773579,0.00332871,-4.366442422,-4.369771132,-4.363113712
JBS,2,0.001037531,0.004464496,-4.235708692,-4.240173188,-4.231244196
JBS,3,0.001301484,0.005600286,-4.10771019,-4.113310476,-4.102109904
JBS,4,0.001565437,0.006736075,-3.982361963,-3.989098038,-3.975625888
JBS,5,0.00182939,0.007871865,-3.859582543,-3.867454408,-3.851710678
JBS,6,0.002093343,0.009007655,-3.739293764,-3.748301419,-3.730286109
JBS,7,0.002357296,0.010143445,-3.621420602,-3.631564047,-3.611277157
JBS,8,0.002621249,0.011279234,-3.505891016,-3.51717025,-3.494611782
JBS,9,0.002885201,0.01241502,-3.3926358,-3.40505082,-3.38022078
JBS,10,0.003149154,0.01355081,-3.281588448,-3.295139258,-3.268037638
JBS,11,0.003413107,0.014686599,-3.17268502,-3.187371619,-3.157998421
JBS,12,0.00367706,0.015822389,-3.065864023,-3.081686412,-3.050041634
JBS,13,0.003941013,0.016958179,-2.961066293,-2.978024472,-2.944108114
JBS,14,0.004204966,0.018093969,-2.858234885,-2.876328854,-2.840140916
JBS,15,0.004468918,0.019229754,-2.757314974,-2.776544728,-2.73808522
JBS,16,0.004732871,0.020365544,-2.658253752,-2.678619296,-2.637888208
JBS,17,0.004996824,0.021501334,-2.561000338,-2.582501672,-2.539499004
JBS,18,0.005260777,0.022637123,-2.465505693,-2.488142816,-2.44286857
JBS,19,0.00552473,0.023772913,-2.371722536,-2.395495449,-2.347949623
JBS,20,0.005788683,0.024908703,-2.279605263,-2.304513966,-2.25469656
JBS,21,0.006052635,0.026044488,-2.189109879,-2.215154367,-2.163065391
JBS,22,0.006316588,0.027180278,-2.100193924,-2.127374202,-2.073013646
JBS,23,0.006580541,0.028316068,-2.012816405,-2.041132473,-1.984500337
JBS,24,0.006844494,0.029451858,-1.926937738,-1.956389596,-1.89748588
JBS,25,0.007108447,0.030587647,-1.842519685,-1.873107332,-1.811932038
JBS,26,0.0073724,0.031723437,-1.759525297,-1.791248734,-1.72780186
JBS,27,0.007636353,0.032859227,-1.67791886,-1.710778087,-1.645059633
JBS,28,0.007900305,0.033995012,-1.597665848,-1.63166086,-1.563670836
JBS,29,0.008164258,0.035130802,-1.518732866,-1.553863668,-1.483602064
JBS,30,0.008428211,0.036266592,-1.441087613,-1.477354205,-1.404821021
JBS,31,0.008692164,0.037402382,-1.364698831,-1.402101213,-1.327296449
JBS,32,0.008956117,0.038538171,-1.289536266,-1.328074437,-1.250998095
JBS,33,0.00922007,0.039673961,-1.215570628,-1.255244589,-1.175896667
JBS,34,0.009484022,0.040809747,-1.142773552,-1.183583299,-1.101963805
JBS,35,0.009747975,0.041945536,-1.071117562,-1.113063098,-1.029172026
JBS,36,0.010011928,0.043081326,-1.000576037,-1.043657363,-0.957494711
JBS,37,0.010275881,0.044217116,-0.931123178,-0.975340294,-0.886906062
JBS,38,0.010539834,0.045352906,-0.862733976,-0.908086882,-0.81738107
JBS,39,0.010803787,0.046488695,-0.795384182,-0.841872877,-0.748895487
JBS,40,0.011067739,0.047624481,-0.729050279,-0.77667476,-0.681425798
JBS,41,0.011331692,0.048760271,-0.663709454,-0.712469725,-0.614949183
JBS,42,0.011595645,0.04989606,-0.599339571,-0.649235631,-0.549443511
JBS,43,0.011859598,0.05103185,-0.535919148,-0.586950998,-0.484887298
JBS,44,0.012123551,0.05216764,-0.473427332,-0.525594972,-0.421259692
JBS,45,0.012387504,0.05330343,-0.411843876,-0.465147306,-0.358540446
JBS,46,0.012651457,0.054439219,-0.351149118,-0.405588337,-0.296709899
JBS,47,0.012915409,0.055575005,-0.291323959,-0.346898964,-0.235748954
JBS,48,0.013179362,0.056710795,-0.232349842,-0.289060637,-0.175639047
JBS,49,0.013443315,0.057846584,-0.174208737,-0.232055321,-0.116362153
JBS,50,0.013707268,0.058982374,-0.116883117,-0.175865491,-0.057900743
JBS,51,0.013971221,0.060118164,-0.060355945,-0.120474109,-0.000237781
JBS,52,0.014235174,0.061253954,-0.004610656,-0.06586461,0.056643298
JBS,53,0.014499126,0.062389739,0.050368863,-0.012020876,0.112758602
JBS,54,0.014763079,0.063525529,0.104598282,0.041072753,0.168123811
JBS,55,0.015027032,0.064661319,0.158092848,0.093431529,0.222754167
JBS,56,0.015290985,0.065797108,0.210867398,0.14507029,0.276664506
JBS,57,0.015554938,0.066932898,0.26293637,0.196003472,0.329869268
JBS,58,0.015818891,0.068068688,0.314313822,0.246245134,0.38238251
JBS,59,0.016082843,0.069204473,0.365013438,0.295808965,0.434217911
JBS,60,0.016346796,0.070340263,0.415048544,0.344708281,0.485388807
JBS,61,0.016610749,0.071476053,0.46443212,0.392956067,0.535908173
JBS,62,0.016874702,0.072611843,0.513176809,0.440564966,0.585788652
JBS,63,0.017138655,0.073747632,0.56129493,0.487547298,0.635042562
JBS,64,0.017402608,0.074883422,0.608798486,0.533915064,0.683681908
JBS,65,0.017666561,0.076019212,0.655699177,0.579679965,0.731718389
JBS,66,0.017930513,0.077154997,0.702008407,0.62485341,0.779163404
JBS,67,0.018194466,0.078290787,0.747737294,0.669446507,0.826028081
JBS,68,0.018458419,0.079426577,0.792896679,0.713470102,0.872323256
JBS,69,0.018722372,0.080562367,0.837497135,0.756934768,0.918059502
JBS,70,0.018986325,0.081698156,0.881548975,0.799850819,0.963247131
JBS,71,0.019250278,0.082833946,0.925062259,0.842228313,1.007896205
JBS,72,0.01951423,0.083969732,0.968046805,0.884077073,1.052016537
JBS,73,0.019778183,0.085105521,1.01051219,0.925406669,1.095617711
JBS,74,0.020042136,0.086241311,1.052467763,0.966226452,1.138709074
JBS,75,0.020306089,0.087377101,1.093922652,1.006545551,1.181299753
JBS,76,0.020570042,0.088512891,1.134885764,1.046372873,1.223398655
JBS,77,0.020833995,0.08964868,1.1753658,1.08571712,1.26501448
JBS,78,0.021097947,0.090784466,1.215371255,1.124586789,1.306155721
JBS,79,0.0213619,0.091920256,1.254910425,1.162990169,1.346830681
JBS,80,0.021625853,0.093056045,1.293991416,1.200935371,1.387047461
JBS,81,0.021889806,0.094191835,1.332622146,1.238430311,1.426813981
JBS,82,0.022153759,0.095327625,1.370810352,1.275482727,1.466137977
JBS,83,0.022417712,0.096463415,1.408563594,1.312100179,1.505027009
JBS,84,0.022681665,0.097599204,1.445889262,1.348290058,1.543488466
JBS,85,0.022945617,0.09873499,1.482794578,1.384059588,1.581529568
JBS,86,0.02320957,0.09987078,1.519286603,1.419415823,1.619157383
JBS,87,0.023473523,0.101006569,1.555372242,1.454365673,1.656378811
JBS,88,0.023737476,0.102142359,1.591058244,1.488915885,1.693200603
JBS,89,0.024001429,0.103278149,1.626351214,1.523073065,1.729629363
JBS,90,0.024265382,0.104413939,1.661257606,1.556843667,1.765671545
JBS,91,0.024529334,0.105549724,1.69578374,1.590234016,1.801333464
JBS,92,0.024793287,0.106685514,1.729935795,1.623250281,1.836621309
JBS,93,0.02505724,0.107821304,1.763719816,1.655898512,1.87154112
JBS,94,0.025321193,0.108957093,1.797141723,1.68818463,1.906098816
JBS,95,0.025585146,0.110092883,1.830207305,1.720114422,1.940300188
JBS,96,0.025849099,0.111228673,1.862922231,1.751693558,1.974150904
JBS,97,0.026113051,0.112364458,1.895292049,1.782927591,2.007656507
JBS,98,0.026377004,0.113500248,1.927322192,1.813821944,2.04082244
JBS,99,0.026640957,0.114636038,1.959017978,1.84438194,2.073654016
JBS,100,0.02690491,0.115771828,1.990384615,1.874612787,2.106156443
JBS,101,0.027168863,0.116907617,2.021427205,1.904519588,2.138334822
JBS,102,0.027432816,0.118043407,2.052150742,1.934107335,2.170194149
JBS,103,0.027696769,0.119179197,2.082560121,1.963380924,2.201739318
JBS,104,0.027960721,0.120314982,2.112660136,1.992345154,2.232975118
JBS,105,0.028224674,0.121450772,2.142455483,2.021004711,2.263906255
JBS,106,0.028488627,0.122586562,2.171950765,2.049364203,2.294537327
JBS,107,0.02875258,0.123722352,2.201150492,2.07742814,2.324872844
JBS,108,0.029016533,0.124858141,2.230059084,2.105200943,2.354917225
JBS,109,0.029280486,0.125993931,2.258680875,2.132686944,2.384674806
JBS,110,0.029544438,0.127129717,2.28702011,2.159890393,2.414149827
JBS,111,0.029808391,0.128265506,2.315080953,2.186815447,2.443346459
JBS,112,0.030072344,0.129401296,2.342867487,2.213466191,2.472268783
JBS,113,0.030336297,0.130537086,2.370383715,2.239846629,2.500920801
JBS,114,0.03060025,0.131672876,2.39763356,2.265960684,2.529306436
JBS,115,0.030864203,0.132808666,2.424620874,2.291812208,2.55742954
JBS,116,0.031128155,0.133944451,2.451349432,2.317404981,2.585293883
JBS,117,0.031392108,0.135080241,2.477822937,2.342742696,2.612903178
JBS,118,0.031656061,0.13621603,2.504045023,2.367828993,2.640261053
JBS,119,0.031920014,0.13735182,2.530019254,2.392667434,2.667371074
JBS,120,0.032183967,0.13848761,2.555749129,2.417261519,2.694236739
JBS,121,0.03244792,0.1396234,2.581238079,2.441614679,2.720861479
JBS,122,0.032711873,0.14075919,2.606489472,2.465730282,2.747248662
JBS,123,0.032975825,0.141894975,2.631506614,2.489611639,2.773401589
JBS,124,0.033239778,0.143030765,2.65629275,2.513261985,2.799323515
JBS,125,0.033503731,0.144166554,2.680851064,2.53668451,2.825017618
JBS,126,0.033767684,0.145302344,2.705184683,2.559882339,2.850487027
JBS,127,0.034031637,0.146438134,2.729296677,2.582858543,2.875734811
JBS,128,0.03429559,0.147573924,2.75319006,2.605616136,2.900763984
JBS,129,0.034559542,0.148709709,2.776867792,2.628158083,2.925577501
JBS,130,0.034823495,0.149845499,2.800332779,2.65048728,2.950178278
JBS,131,0.035087448,0.150981289,2.823587875,2.672606586,2.974569164
JBS,132,0.035351401,0.152117079,2.846635884,2.694518805,2.998752963
JBS,133,0.035615354,0.153252868,2.86947956,2.716226692,3.022732428
JBS,134,0.035879307,0.154388658,2.892121608,2.73773295,3.046510266
JBS,135,0.036143259,0.155524443,2.914564687,2.759040244,3.07008913
JBS,136,0.036407212,0.156660233,2.936811406,2.780151173,3.093471639
JBS,137,0.036671165,0.157796023,2.958864333,2.80106831,3.116660356
JBS,138,0.036935118,0.158931813,2.980725988,2.821794175,3.139657801
JBS,139,0.037199071,0.160067603,3.002398849,2.842331246,3.162466452
JBS,140,0.037463024,0.161203392,3.02388535,2.862681958,3.185088742
JBS,141,0.037726977,0.162339182,3.045187886,2.882848704,3.207527068
JBS,142,0.037990929,0.163474967,3.06630881,2.902833843,3.229783777
JBS,143,0.038254882,0.164610757,3.087250432,2.922639675,3.251861189
JBS,144,0.038518835,0.165746547,3.108015028,2.942268481,3.273761575
JBS,145,0.038782788,0.166882337,3.128604832,2.961722495,3.295487169
JBS,146,0.039046741,0.168018127,3.149022043,2.981003916,3.31704017
JBS,147,0.039310694,0.169153916,3.169268821,3.000114905,3.338422737
JBS,148,0.039574646,0.170289702,3.189347291,3.019057589,3.359636993
JBS,149,0.039838599,0.171425491,3.209259543,3.037834052,3.380685034
JBS,150,0.040102552,0.172561281,3.229007634,3.056446353,3.401568915
JBS,151,0.040366505,0.173697071,3.248593584,3.074896513,3.422290655
JBS,152,0.040630458,0.174832861,3.268019382,3.093186521,3.442852243
JBS,153,0.040894411,0.175968651,3.287286985,3.111318334,3.463255636
JBS,154,0.041158363,0.177104436,3.306398318,3.129293882,3.483502754
JBS,155,0.041422316,0.178240226,3.325355273,3.147115047,3.503595499
JBS,156,0.041686269,0.179376016,3.344159714,3.164783698,3.52353573
JBS,157,0.041950222,0.180511805,3.362813474,3.182301669,3.543325279
JBS,158,0.042214175,0.181647595,3.381318356,3.199670761,3.562965951
JBS,159,0.042478128,0.182783385,3.399676137,3.216892752,3.582459522
JBS,160,0.042742081,0.183919175,3.417888563,3.233969388,3.601807738
JBS,161,0.043006033,0.18505496,3.435957354,3.250902394,3.621012314
JBS,162,0.043269986,0.18619075,3.453884201,3.267693451,3.640074951
JBS,163,0.043533939,0.18732654,3.471670772,3.284344232,3.658997312
JBS,164,0.043797892,0.188462329,3.489318707,3.300856378,3.677781036
JBS,165,0.044061845,0.189598119,3.506829619,3.3172315,3.696427738
JBS,166,0.044325798,0.190733909,3.524205099,3.33347119,3.714939008
JBS,167,0.04458975,0.191869694,3.541446711,3.349577017,3.733316405
JBS,168,0.044853703,0.193005484,3.558555998,3.365550514,3.751561482
JBS,169,0.045117656,0.194141274,3.575534475,3.381393201,3.769675749
JBS,170,0.045381609,0.195277064,3.592383639,3.397106575,3.787660703
JBS,171,0.045645562,0.196412853,3.60910496,3.412692107,3.805517813
JBS,172,0.045909515,0.197548643,3.625699888,3.428151245,3.823248531
JBS,173,0.046173467,0.198684429,3.642169851,3.443485422,3.84085428
JBS,174,0.04643742,0.199820218,3.658516255,3.458696037,3.858336473
JBS,175,0.046701373,0.200956008,3.674740484,3.473784476,3.875696492
JBS,176,0.046965326,0.202091798,3.690843905,3.488752107,3.892935703
JBS,177,0.047229279,0.203227588,3.706827861,3.503600273,3.910055449
JBS,178,0.047493232,0.204363377,3.722693676,3.518330299,3.927057053
JBS,179,0.047757185,0.205499167,3.738442656,3.532943489,3.943941823
JBS,180,0.048021137,0.206634953,3.754076087,3.547441134,3.96071104
JBS,181,0.04828509,0.207770742,3.769595235,3.561824493,3.977365977
JBS,182,0.048549043,0.208906532,3.785001349,3.576094817,3.993907881
JBS,183,0.048812996,0.210042322,3.800295659,3.590253337,4.010337981
JBS,184,0.049076949,0.211178112,3.815479379,3.604301267,4.026657491
JBS,185,0.049340902,0.212313901,3.830553702,3.618239801,4.042867603
JBS,186,0.049604854,0.213449687,3.845519809,3.632070122,4.058969496
JBS,187,0.049868807,0.214585477,3.860378858,3.645793381,4.074964335
JBS,188,0.05013276,0.215721266,3.875131996,3.65941073,4.090853262
JBS,189,0.050396713,0.216857056,3.88978035,3.672923294,4.106637406
JBS,190,0.050660666,0.217992846,3.904325033,3.686332187,4.122317879
JBS,191,0.050924619,0.219128636,3.918767141,3.699638505,4.137895777
JBS,192,0.051188571,0.220264421,3.933107756,3.712843335,4.153372177
JBS,193,0.051452524,0.221400211,3.947347944,3.725947733,4.168748155
JBS,194,0.051716477,0.222536001,3.961488757,3.738952756,4.184024758
JBS,195,0.05198043,0.22367179,3.97553123,3.75185944,4.19920302
JBS,196,0.052244383,0.22480758,3.989476386,3.764668806,4.214283966
JBS,197,0.052508336,0.22594337,4.003325233,3.777381863,4.229268603
JBS,198,0.052772289,0.22707916,4.017078766,3.789999606,4.244157926
JBS,199,0.053036241,0.228214945,4.030737965,3.80252302,4.25895291
JBS,200,0.053300194,0.229350735,4.044303797,3.814953062,4.273654532
JBS,201,0.053564147,0.230486525,4.057777217,3.827290692,4.288263742
JBS,202,0.0538281,0.231622314,4.071159165,3.839536851,4.302781479
JBS,203,0.054092053,0.232758104,4.08445057,3.851692466,4.317208674
JBS,204,0.054356006,0.233893894,4.097652348,3.863758454,4.331546242
JBS,205,0.054619958,0.235029679,4.110765401,3.875735722,4.34579508
JBS,206,0.054883911,0.236165469,4.123790623,3.887625154,4.359956092
JBS,207,0.055147864,0.237301259,4.136728891,3.899427632,4.37403015
JBS,208,0.055411817,0.238437049,4.149581074,3.911144025,4.388018123
JBS,209,0.05567577,0.239572838,4.162348029,3.922775191,4.401920867
JBS,210,0.055939723,0.240708628,4.1750306,3.934321972,4.415739228
JBS,211,0.056203675,0.241844414,4.187629621,3.945785207,4.429474035
JBS,212,0.056467628,0.242980203,4.200145914,3.957165711,4.443126117
JBS,213,0.056731581,0.244115993,4.212580293,3.9684643,4.456696286
JBS,214,0.056995534,0.245251783,4.224933559,3.979681776,4.470185342
JBS,215,0.057259487,0.246387573,4.237206502,3.990818929,4.483594075
JBS,216,0.05752344,0.247523362,4.249399904,4.001876542,4.496923266
JBS,217,0.057787393,0.248659152,4.261514535,4.012855383,4.510173687
JBS,218,0.058051345,0.249794938,4.273551157,4.023756219,4.523346095
JBS,219,0.058315298,0.250930727,4.285510519,4.034579792,4.536441246
JBS,220,0.058579251,0.252066517,4.297393365,4.045326848,4.549459882
JBS,221,0.058843204,0.253202307,4.309200425,4.055998118,4.562402732
JBS,222,0.059107157,0.254338097,4.320932423,4.066594326,4.57527052
JBS,223,0.05937111,0.255473886,4.332590072,4.077116186,4.588063958
JBS,224,0.059635062,0.256609672,4.344174076,4.087564404,4.600783748
JBS,225,0.059899015,0.257745462,4.355685131,4.097939669,4.613430593
JBS,226,0.060162968,0.258881251,4.367123925,4.108242674,4.626005176
JBS,227,0.060426921,0.260017041,4.378491135,4.118474094,4.638508176
JBS,228,0.060690874,0.261152831,4.389787431,4.1286346,4.650940262
JBS,229,0.060954827,0.262288621,4.401013475,4.138724854,4.663302096
JBS,230,0.061218779,0.263424406,4.41216992,4.148745514,4.675594326
JBS,231,0.061482732,0.264560196,4.423257411,4.158697215,4.687817607
JBS,232,0.061746685,0.265695986,4.434276586,4.1685806,4.699972572
JBS,233,0.062010638,0.266831775,4.445228074,4.178396299,4.712059849
JBS,234,0.062274591,0.267967565,4.456112497,4.188144932,4.724080062
JBS,235,0.062538544,0.269103355,4.466930469,4.197827114,4.736033824
JBS,236,0.062802497,0.270239145,4.477682597,4.207443452,4.747921742
JBS,237,0.063066449,0.27137493,4.48836948,4.21699455,4.75974441
JBS,238,0.063330402,0.27251072,4.49899171,4.22648099,4.77150243
JBS,239,0.063594355,0.27364651,4.509549872,4.235903362,4.783196382
JBS,240,0.063858308,0.274782299,4.520044543,4.245262244,4.794826842
JBS,241,0.064122261,0.275918089,4.530476296,4.254558207,4.806394385
JBS,242,0.064386214,0.277053879,4.540845694,4.263791815,4.817899573
JBS,243,0.064650166,0.278189664,4.551153294,4.27296363,4.829342958
JBS,244,0.064914119,0.279325454,4.561399648,4.282074194,4.840725102
JBS,245,0.065178072,0.280461244,4.571585299,4.291124055,4.852046543
JBS,246,0.065442025,0.281597034,4.581710785,4.300113751,4.863307819
JBS,247,0.065705978,0.282732823,4.591776639,4.309043816,4.874509462
JBS,248,0.065969931,0.283868613,4.601783384,4.317914771,4.885651997
JBS,249,0.066233883,0.285004399,4.611731541,4.326727142,4.89673594
JBS,250,0.066497836,0.286140188,4.621621622,4.335481434,4.90776181
JBS,251,0.066761789,0.287275978,4.631454134,4.344178156,4.918730112
JBS,252,0.067025742,0.288411768,4.641229579,4.352817811,4.929641347
JBS,253,0.067289695,0.289547558,4.650948451,4.361400893,4.940496009
JBS,254,0.067553648,0.290683347,4.660611242,4.369927895,4.951294589
JBS,255,0.067817601,0.291819137,4.670218434,4.378399297,4.962037571
JBS,256,0.068081553,0.292954923,4.679770506,4.386815583,4.972725429
JBS,257,0.068345506,0.294090712,4.689267931,4.395177219,4.983358643
JBS,258,0.068609459,0.295226502,4.698711177,4.403484675,4.993937679
JBS,259,0.068873412,0.296362292,4.708100706,4.411738414,5.004462998
JBS,260,0.069137365,0.297498082,4.717436975,4.419938893,5.014935057
JBS,261,0.069401318,0.298633871,4.726720436,4.428086565,5.025354307
JBS,262,0.06966527,0.299769657,4.735951535,4.436181878,5.035721192
JBS,263,0.069929223,0.300905447,4.745130716,4.444225269,5.046036163
JBS,264,0.070193176,0.302041236,4.754258413,4.452217177,5.056299649
JBS,265,0.070457129,0.303177026,4.76333506,4.460158034,5.066512086
JBS,266,0.070721082,0.304312816,4.772361082,4.468048266,5.076673898
JBS,267,0.070985035,0.305448606,4.781336904,4.475888298,5.08678551
JBS,268,0.071248987,0.306584391,4.790262942,4.483678551,5.096847333
JBS,269,0.07151294,0.307720181,4.799139609,4.491419428,5.10685979
JBS,270,0.071776893,0.308855971,4.807967314,4.499111343,5.116823285
JBS,271,0.072040846,0.30999176,4.81674646,4.5067547,5.12673822
JBS,272,0.072304799,0.31112755,4.825477448,4.514349898,5.136604998
JBS,273,0.072568752,0.31226334,4.834160673,4.521897333,5.146424013
JBS,274,0.072832705,0.31339913,4.842796525,4.529397395,5.156195655
JBS,275,0.073096657,0.314534915,4.85138539,4.536850475,5.165920305
JBS,276,0.07336061,0.315670705,4.859927653,4.544256948,5.175598358
JBS,277,0.073624563,0.316806495,4.86842369,4.551617195,5.185230185
JBS,278,0.073888516,0.317942284,4.876873876,4.558931592,5.19481616
JBS,279,0.074152469,0.319078074,4.885278581,4.566200507,5.204356655
JBS,280,0.074416422,0.320213864,4.893638171,4.573424307,5.213852035
JBS,281,0.074680374,0.321349649,4.901953009,4.58060336,5.223302658
JBS,282,0.074944327,0.322485439,4.910223453,4.587738014,5.232708892
JBS,283,0.07520828,0.323621229,4.918449857,4.594828628,5.242071086
JBS,284,0.075472233,0.324757019,4.926632573,4.601875554,5.251389592
JBS,285,0.075736186,0.325892808,4.934771947,4.608879139,5.260664755
JBS,286,0.076000139,0.327028598,4.942868323,4.615839725,5.269896921
JBS,287,0.076264091,0.328164384,4.950922041,4.622757657,5.279086425
JBS,288,0.076528044,0.329300173,4.958933437,4.629633264,5.28823361
JBS,289,0.076791997,0.330435963,4.966902844,4.636466881,5.297338807
JBS,290,0.07705595,0.331571753,4.974830591,4.643258838,5.306402344
JBS,291,0.077319903,0.332707543,4.982717003,4.65000946,5.315424546
JBS,292,0.077583856,0.333843332,4.990562404,4.656719072,5.324405736
JBS,293,0.077847809,0.334979122,4.998367112,4.66338799,5.333346234
JBS,294,0.078111761,0.336114908,5.006131443,4.670016535,5.342246351
JBS,295,0.078375714,0.337250697,5.01385571,4.676605013,5.351106407
JBS,296,0.078639667,0.338386487,5.021540221,4.683153734,5.359926708
JBS,297,0.07890362,0.339522277,5.029185284,4.689663007,5.368707561
JBS,298,0.079167573,0.340658067,5.0367912,4.696133133,5.377449267
JBS,299,0.079431526,0.341793856,5.044358271,4.702564415,5.386152127
JBS,300,0.079695478,0.342929642,5.051886792,4.70895715,5.394816434
JBS,301,0.079959431,0.344065432,5.059377058,4.715311626,5.40344249
JBS,302,0.080223384,0.345201221,5.06682936,4.721628139,5.412030581
JBS,303,0.080487337,0.346337011,5.074243985,4.727906974,5.420580996
JBS,304,0.08075129,0.347472801,5.081621218,4.734148417,5.429094019
JBS,305,0.081015243,0.348608591,5.088961341,4.74035275,5.437569932
JBS,306,0.081279195,0.349744376,5.096264635,4.746520259,5.446009011
JBS,307,0.081543148,0.350880166,5.103531375,4.752651209,5.454411541
JBS,308,0.081807101,0.352015956,5.110761834,4.758745878,5.46277779
JBS,309,0.082071054,0.353151745,5.117956285,4.76480454,5.47110803
JBS,310,0.082335007,0.354287535,5.125114995,4.77082746,5.47940253
JBS,311,0.08259896,0.355423325,5.132238231,4.776814906,5.487661556
JBS,312,0.082862913,0.356559115,5.139326254,4.782767139,5.495885369
JBS,313,0.083126865,0.3576949,5.146379326,4.788684426,5.504074226
JBS,314,0.083390818,0.35883069,5.153397704,4.794567014,5.512228394
JBS,315,0.083654771,0.35996648,5.160381645,4.800415165,5.520348125
JBS,316,0.083918724,0.361102269,5.1673314,4.806229131,5.528433669
JBS,317,0.084182677,0.362238059,5.174247219,4.81200916,5.536485278
JBS,318,0.08444663,0.363373849,5.181129352,4.817755503,5.544503201
JBS,319,0.084710582,0.364509634,5.187978044,4.82346841,5.552487678
JBS,320,0.084974535,0.365645424,5.194793537,4.829148113,5.560438961
TAF,0,0.018855015,0.08113313,-1.99,-2.07113313,-1.90886687
TAF,1,0.018903176,0.081340366,-1.976748305,-2.058088671,-1.895407939
TAF,2,0.018951336,0.081547599,-1.963655298,-2.045202897,-1.882107699
TAF,3,0.018999497,0.081754836,-1.950718144,-2.03247298,-1.868963308
TAF,4,0.019047657,0.081962068,-1.937934078,-2.019896146,-1.85597201
TAF,5,0.019095818,0.082169305,-1.925300398,-2.007469703,-1.843131093
TAF,6,0.019143979,0.082376542,-1.912814466,-1.995191008,-1.830437924
TAF,7,0.019192139,0.082583774,-1.900473705,-1.983057479,-1.817889931
TAF,8,0.0192403,0.082791011,-1.888275599,-1.97106661,-1.805484588
TAF,9,0.01928846,0.082998243,-1.876217687,-1.95921593,-1.793219444
TAF,10,0.019336621,0.08320548,-1.864297567,-1.947503047,-1.781092087
TAF,11,0.019384781,0.083412713,-1.852512891,-1.935925604,-1.769100178
TAF,12,0.019432942,0.083619949,-1.840861362,-1.924481311,-1.757241413
TAF,13,0.019481103,0.083827186,-1.829340737,-1.913167923,-1.745513551
TAF,14,0.019529263,0.084034419,-1.817948822,-1.901983241,-1.733914403
TAF,15,0.019577424,0.084241655,-1.806683472,-1.890925127,-1.722441817
TAF,16,0.019625584,0.084448888,-1.79554259,-1.879991478,-1.711093702
TAF,17,0.019673745,0.084656125,-1.784524125,-1.86918025,-1.699868
TAF,18,0.019721906,0.084863362,-1.773626068,-1.85848943,-1.688762706
TAF,19,0.019770066,0.085070594,-1.762846459,-1.847917053,-1.677775865
TAF,20,0.019818227,0.085277831,-1.752183375,-1.837461206,-1.666905544
TAF,21,0.019866387,0.085485063,-1.741634938,-1.827120001,-1.656149875
TAF,22,0.019914548,0.0856923,-1.731199308,-1.816891608,-1.645507008
TAF,23,0.019962709,0.085899537,-1.720874686,-1.806774223,-1.634975149
TAF,24,0.020010869,0.086106769,-1.71065931,-1.796766079,-1.624552541
TAF,25,0.02005903,0.086314006,-1.700551455,-1.786865461,-1.614237449
TAF,26,0.02010719,0.086521239,-1.690549432,-1.777070671,-1.604028193
TAF,27,0.020155351,0.086728475,-1.680651587,-1.767380062,-1.593923112
TAF,28,0.020203512,0.086935712,-1.670856303,-1.757792015,-1.583920591
TAF,29,0.020251672,0.087142945,-1.661161992,-1.748304937,-1.574019047
TAF,30,0.020299833,0.087350181,-1.651567101,-1.738917282,-1.56421692
TAF,31,0.020347993,0.087557414,-1.642070109,-1.729627523,-1.554512695
TAF,32,0.020396154,0.087764651,-1.632669526,-1.720434177,-1.544904875
TAF,33,0.020444314,0.087971883,-1.623363889,-1.711335772,-1.535392006
TAF,34,0.020492475,0.08817912,-1.614151769,-1.702330889,-1.525972649
TAF,35,0.020540636,0.088386357,-1.605031763,-1.69341812,-1.516645406
TAF,36,0.020588796,0.088593589,-1.596002496,-1.684596085,-1.507408907
TAF,37,0.020636957,0.088800826,-1.587062619,-1.675863445,-1.498261793
TAF,38,0.020685117,0.089008058,-1.578210814,-1.667218872,-1.489202756
TAF,39,0.020733278,0.089215295,-1.569445784,-1.658661079,-1.480230489
TAF,40,0.020781439,0.089422532,-1.560766259,-1.650188791,-1.471343727
TAF,41,0.020829599,0.089629764,-1.552170995,-1.641800759,-1.462541231
TAF,42,0.02087776,0.089837001,-1.54365877,-1.633495771,-1.453821769
TAF,43,0.02092592,0.090044234,-1.535228387,-1.625272621,-1.445184153
TAF,44,0.020974081,0.090251471,-1.526878671,-1.617130142,-1.4366272
TAF,45,0.021022242,0.090458707,-1.51860847,-1.609067177,-1.428149763
TAF,46,0.021070402,0.09066594,-1.510416654,-1.601082594,-1.419750714
TAF,47,0.021118563,0.090873177,-1.502302112,-1.593175289,-1.411428935
TAF,48,0.021166723,0.091080409,-1.494263758,-1.585344167,-1.403183349
TAF,49,0.021214884,0.091287646,-1.486300523,-1.577588169,-1.395012877
TAF,50,0.021263045,0.091494883,-1.478411358,-1.569906241,-1.386916475
TAF,51,0.021311205,0.091702115,-1.470595236,-1.562297351,-1.378893121
TAF,52,0.021359366,0.091909352,-1.462851147,-1.554760499,-1.370941795
TAF,53,0.021407526,0.092116584,-1.455178098,-1.547294682,-1.363061514
TAF,54,0.021455687,0.092323821,-1.447575118,-1.539898939,-1.355251297
TAF,55,0.021503847,0.092531054,-1.440041251,-1.532572305,-1.347510197
TAF,56,0.021552008,0.09273829,-1.432575558,-1.525313848,-1.339837268
TAF,57,0.021600169,0.092945527,-1.425177119,-1.518122646,-1.332231592
TAF,58,0.021648329,0.09315276,-1.417845029,-1.510997789,-1.324692269
TAF,59,0.02169649,0.093359996,-1.410578399,-1.503938395,-1.317218403
TAF,60,0.02174465,0.093567229,-1.403376357,-1.496943586,-1.309809128
TAF,61,0.021792811,0.093774466,-1.396238044,-1.49001251,-1.302463578
TAF,62,0.021840972,0.093981703,-1.38916262,-1.483144323,-1.295180917
TAF,63,0.021889132,0.094188935,-1.382149257,-1.476338192,-1.287960322
TAF,64,0.021937293,0.094396172,-1.375197141,-1.469593313,-1.280800969
TAF,65,0.021985453,0.094603404,-1.368305474,-1.462908878,-1.27370207
TAF,66,0.022033614,0.094810641,-1.361473471,-1.456284112,-1.26666283
TAF,67,0.022081775,0.095017878,-1.35470036,-1.449718238,-1.259682482
TAF,68,0.022129935,0.09522511,-1.347985383,-1.443210493,-1.252760273
TAF,69,0.022178096,0.095432347,-1.341327796,-1.436760143,-1.245895449
TAF,70,0.022226256,0.09563958,-1.334726864,-1.430366444,-1.239087284
TAF,71,0.022274417,0.095846816,-1.328181869,-1.424028685,-1.232335053
TAF,72,0.022322578,0.096054053,-1.321692102,-1.417746155,-1.225638049
TAF,73,0.022370738,0.096261286,-1.315256867,-1.411518153,-1.218995581
TAF,74,0.022418899,0.096468522,-1.30887548,-1.405344002,-1.212406958
TAF,75,0.022467059,0.096675755,-1.302547267,-1.399223022,-1.205871512
TAF,76,0.02251522,0.096882992,-1.296271567,-1.393154559,-1.199388575
TAF,77,0.022563381,0.097090228,-1.290047729,-1.387137957,-1.192957501
TAF,78,0.022611541,0.097297461,-1.283875112,-1.381172573,-1.186577651
TAF,79,0.022659702,0.097504698,-1.277753087,-1.375257785,-1.180248389
TAF,80,0.022707862,0.09771193,-1.271681034,-1.369392964,-1.173969104
TAF,81,0.022756023,0.097919167,-1.265658345,-1.363577512,-1.167739178
TAF,82,0.022804183,0.098126399,-1.259684419,-1.357810818,-1.16155802
TAF,83,0.022852344,0.098333636,-1.253758666,-1.352092302,-1.15542503
TAF,84,0.022900505,0.098540873,-1.247880507,-1.34642138,-1.149339634
TAF,85,0.022948665,0.098748105,-1.24204937,-1.340797475,-1.143301265
TAF,86,0.022996826,0.098955342,-1.236264693,-1.335220035,-1.137309351
TAF,87,0.023044986,0.099162575,-1.230525923,-1.329688498,-1.131363348
TAF,88,0.023093147,0.099369812,-1.224832516,-1.324202328,-1.125462704
TAF,89,0.023141308,0.099577048,-1.219183936,-1.318760984,-1.119606888
TAF,90,0.023189468,0.099784281,-1.213579656,-1.313363937,-1.113795375
TAF,91,0.023237629,0.099991518,-1.208019156,-1.308010674,-1.108027638
TAF,92,0.023285789,0.10019875,-1.202501926,-1.302700676,-1.102303176
TAF,93,0.02333395,0.100405987,-1.197027463,-1.29743345,-1.096621476
TAF,94,0.023382111,0.100613224,-1.19159527,-1.292208494,-1.090982046
TAF,95,0.023430271,0.100820456,-1.186204861,-1.287025317,-1.085384405
TAF,96,0.023478432,0.101027693,-1.180855756,-1.281883449,-1.079828063
TAF,97,0.023526592,0.101234925,-1.17554748,-1.276782405,-1.074312555
TAF,98,0.023574753,0.101442162,-1.170279569,-1.271721731,-1.068837407
TAF,99,0.023622914,0.101649399,-1.165051564,-1.266700963,-1.063402165
TAF,100,0.023671074,0.101856631,-1.159863014,-1.261719645,-1.058006383
TAF,101,0.023719235,0.102063868,-1.154713472,-1.25677734,-1.052649604
TAF,102,0.023767395,0.102271101,-1.149602502,-1.251873603,-1.047331401
TAF,103,0.023815556,0.102478337,-1.14452967,-1.247008007,-1.042051333
TAF,104,0.023863716,0.10268557,-1.139494553,-1.242180123,-1.036808983
TAF,105,0.023911877,0.102892807,-1.13449673,-1.237389537,-1.031603923
TAF,106,0.023960038,0.103100044,-1.12953579,-1.232635834,-1.026435746
TAF,107,0.024008198,0.103307276,-1.124611325,-1.227918601,-1.021304049
TAF,108,0.024056359,0.103514513,-1.119722934,-1.223237447,-1.016208421
TAF,109,0.024104519,0.103721745,-1.114870223,-1.218591968,-1.011148478
TAF,110,0.02415268,0.103928982,-1.110052802,-1.213981784,-1.00612382
TAF,111,0.024200841,0.104136219,-1.105270288,-1.209406507,-1.001134069
TAF,112,0.024249001,0.104343451,-1.100522303,-1.204865754,-0.996178852
TAF,113,0.024297162,0.104550688,-1.095808474,-1.200359162,-0.991257786
TAF,114,0.024345322,0.104757921,-1.091128433,-1.195886354,-0.986370512
TAF,115,0.024393483,0.104965157,-1.08648182,-1.191446977,-0.981516663
TAF,116,0.024441644,0.105172394,-1.081868276,-1.18704067,-0.976695882
TAF,117,0.024489804,0.105379627,-1.077287451,-1.182667078,-0.971907824
TAF,118,0.024537965,0.105586863,-1.072738998,-1.178325861,-0.967152135
TAF,119,0.024586125,0.105794096,-1.068222573,-1.174016669,-0.962428477
TAF,120,0.024634286,0.106001333,-1.063737842,-1.169739175,-0.957736509
TAF,121,0.024682447,0.106208569,-1.05928447,-1.165493039,-0.953075901
TAF,122,0.024730607,0.106415802,-1.05486213,-1.161277932,-0.948446328
TAF,123,0.024778768,0.106623039,-1.050470499,-1.157093538,-0.94384746
TAF,124,0.024826928,0.106830271,-1.046109259,-1.15293953,-0.939278988
TAF,125,0.024875089,0.107037508,-1.041778094,-1.148815602,-0.934740586
TAF,126,0.02492325,0.107244745,-1.037476695,-1.14472144,-0.93023195
TAF,127,0.02497141,0.107451977,-1.033204756,-1.140656733,-0.925752779
TAF,128,0.025019571,0.107659214,-1.028961975,-1.136621189,-0.921302761
TAF,129,0.025067731,0.107866446,-1.024748055,-1.132614501,-0.916881609
TAF,130,0.025115892,0.108073683,-1.020562703,-1.128636386,-0.91248902
TAF,131,0.025164052,0.108280916,-1.016405628,-1.124686544,-0.908124712
TAF,132,0.025212213,0.108488153,-1.012276546,-1.120764699,-0.903788393
TAF,133,0.025260374,0.108695389,-1.008175174,-1.116870563,-0.899479785
TAF,134,0.025308534,0.108902622,-1.004101234,-1.113003856,-0.895198612
TAF,135,0.025356695,0.109109859,-1.000054452,-1.109164311,-0.890944593
TAF,136,0.025404855,0.109317091,-0.996034558,-1.105351649,-0.886717467
TAF,137,0.025453016,0.109524328,-0.992041285,-1.101565613,-0.882516957
TAF,138,0.025501177,0.109731565,-0.988074368,-1.097805933,-0.878342803
TAF,139,0.025549337,0.109938797,-0.984133548,-1.094072345,-0.874194751
TAF,140,0.025597498,0.110146034,-0.980218567,-1.090364601,-0.870072533
TAF,141,0.025645658,0.110353266,-0.976329174,-1.08668244,-0.865975908
TAF,142,0.025693819,0.110560503,-0.972465117,-1.08302562,-0.861904614
TAF,143,0.02574198,0.11076774,-0.96862615,-1.07939389,-0.85785841
TAF,144,0.02579014,0.110974972,-0.96481203,-1.075787002,-0.853837058
TAF,145,0.025838301,0.111182209,-0.961022516,-1.072204725,-0.849840307
TAF,146,0.025886461,0.111389442,-0.95725737,-1.068646812,-0.845867928
TAF,147,0.025934622,0.111596678,-0.953516358,-1.065113036,-0.84191968
TAF,148,0.025982783,0.111803915,-0.949799249,-1.061603164,-0.837995334
TAF,149,0.026030943,0.112011148,-0.946105815,-1.058116963,-0.834094667
TAF,150,0.026079104,0.112218385,-0.94243583,-1.054654215,-0.830217445
TAF,151,0.026127264,0.112425617,-0.938789072,-1.051214689,-0.826363455
TAF,152,0.026175425,0.112632854,-0.93516532,-1.047798174,-0.822532466
TAF,153,0.026223585,0.112840086,-0.931564358,-1.044404444,-0.818724272
TAF,154,0.026271746,0.113047323,-0.927985972,-1.041033295,-0.814938649
TAF,155,0.026319907,0.11325456,-0.924429949,-1.037684509,-0.811175389
TAF,156,0.026368067,0.113461792,-0.920896081,-1.034357873,-0.807434289
TAF,157,0.026416228,0.113669029,-0.917384161,-1.03105319,-0.803715132
TAF,158,0.026464388,0.113876262,-0.913893986,-1.027770248,-0.800017724
TAF,159,0.026512549,0.114083498,-0.910425354,-1.024508852,-0.796341856
TAF,160,0.02656071,0.114290735,-0.906978067,-1.021268802,-0.792687332
TAF,161,0.02660887,0.114497968,-0.903551927,-1.018049895,-0.789053959
TAF,162,0.026657031,0.114705204,-0.900146741,-1.014851945,-0.785441537
TAF,163,0.026705191,0.114912437,-0.896762318,-1.011674755,-0.781849881
TAF,164,0.026753352,0.115119674,-0.893398467,-1.008518141,-0.778278793
TAF,165,0.026801513,0.11532691,-0.890055003,-1.005381913,-0.774728093
TAF,166,0.026849673,0.115534143,-0.886731739,-1.002265882,-0.771197596
TAF,167,0.026897834,0.11574138,-0.883428495,-0.999169875,-0.767687115
TAF,168,0.026945994,0.115948612,-0.880145088,-0.9960937,-0.764196476
TAF,169,0.026994155,0.116155849,-0.876881342,-0.993037191,-0.760725493
TAF,170,0.027042316,0.116363086,-0.87363708,-0.990000166,-0.757273994
TAF,171,0.027090476,0.116570318,-0.870412128,-0.986982446,-0.75384181
TAF,172,0.027138637,0.116777555,-0.867206314,-0.983983869,-0.750428759
TAF,173,0.027186797,0.116984787,-0.864019469,-0.981004256,-0.747034682
TAF,174,0.027234958,0.117192024,-0.860851424,-0.978043448,-0.7436594
TAF,175,0.027283119,0.117399261,-0.857702014,-0.975101275,-0.740302753
TAF,176,0.027331279,0.117606494,-0.854571075,-0.972177569,-0.736964581
TAF,177,0.02737944,0.11781373,-0.851458444,-0.969272174,-0.733644714
TAF,178,0.0274276,0.118020963,-0.848363962,-0.966384925,-0.730342999
TAF,179,0.027475761,0.1182282,-0.84528747,-0.96351567,-0.72705927
TAF,180,0.027523921,0.118435432,-0.842228812,-0.960664244,-0.72379338
TAF,181,0.027572082,0.118642669,-0.839187833,-0.957830502,-0.720545164
TAF,182,0.027620243,0.118849906,-0.836164381,-0.955014287,-0.717314475
TAF,183,0.027668403,0.119057138,-0.833158304,-0.952215442,-0.714101166
TAF,184,0.027716564,0.119264375,-0.830169453,-0.949433828,-0.710905078
TAF,185,0.027764724,0.119471607,-0.82719768,-0.946669287,-0.707726073
TAF,186,0.027812885,0.119678844,-0.82424284,-0.943921684,-0.704563996
TAF,187,0.027861046,0.119886081,-0.821304788,-0.941190869,-0.701418707
TAF,188,0.027909206,0.120093313,-0.818383381,-0.938476694,-0.698290068
TAF,189,0.027957367,0.12030055,-0.815478479,-0.935779029,-0.695177929
TAF,190,0.028005527,0.120507783,-0.812589941,-0.933097724,-0.692082158
TAF,191,0.028053688,0.120715019,-0.809717631,-0.93043265,-0.689002612
TAF,192,0.028101849,0.120922256,-0.806861411,-0.927783667,-0.685939155
TAF,193,0.028150009,0.121129489,-0.804021147,-0.925150636,-0.682891658
TAF,194,0.02819817,0.121336726,-0.801196705,-0.922533431,-0.679859979
TAF,195,0.02824633,0.121543958,-0.798387954,-0.919931912,-0.676843996
TAF,196,0.028294491,0.121751195,-0.795594764,-0.917345959,-0.673843569
TAF,197,0.028342652,0.121958432,-0.792817004,-0.914775436,-0.670858572
TAF,198,0.028390812,0.122165664,-0.790054548,-0.912220212,-0.667888884
TAF,199,0.028438973,0.122372901,-0.78730727,-0.909680171,-0.664934369
TAF,200,0.028487133,0.122580133,-0.784575045,-0.907155178,-0.661994912
TAF,201,0.028535294,0.12278737,-0.78185775,-0.90464512,-0.65907038
TAF,202,0.028583454,0.122994603,-0.779155261,-0.902149864,-0.656160658
TAF,203,0.028631615,0.123201839,-0.77646746,-0.899669299,-0.653265621
TAF,204,0.028679776,0.123409076,-0.773794226,-0.897203302,-0.65038515
TAF,205,0.028727936,0.123616309,-0.771135441,-0.89475175,-0.647519132
TAF,206,0.028776097,0.123823545,-0.768490989,-0.892314534,-0.644667444
TAF,207,0.028824257,0.124030778,-0.765860754,-0.889891532,-0.641829976
TAF,208,0.028872418,0.124238015,-0.763244621,-0.887482636,-0.639006606
TAF,209,0.028920579,0.124445251,-0.760642477,-0.885087728,-0.636197226
TAF,210,0.028968739,0.124652484,-0.758054211,-0.882706695,-0.633401727
TAF,211,0.0290169,0.124859721,-0.755479712,-0.880339433,-0.630619991
TAF,212,0.02906506,0.125066953,-0.75291887,-0.877985823,-0.627851917
TAF,213,0.029113221,0.12527419,-0.750371576,-0.875645766,-0.625097386
TAF,214,0.029161382,0.125481427,-0.747837725,-0.873319152,-0.622356298
TAF,215,0.029209542,0.125688659,-0.745317209,-0.871005868,-0.61962855
TAF,216,0.029257703,0.125895896,-0.742809923,-0.868705819,-0.616914027
TAF,217,0.029305863,0.126103128,-0.740315764,-0.866418892,-0.614212636
TAF,218,0.029354024,0.126310365,-0.737834629,-0.864144994,-0.611524264
TAF,219,0.029402185,0.126517602,-0.735366415,-0.861884017,-0.608848813
TAF,220,0.029450345,0.126724835,-0.732911023,-0.859635858,-0.606186188
TAF,221,0.029498506,0.126932071,-0.730468353,-0.857400424,-0.603536282
TAF,222,0.029546666,0.127139304,-0.728038306,-0.85517761,-0.600899002
TAF,223,0.029594827,0.127346541,-0.725620784,-0.852967325,-0.598274243
TAF,224,0.029642987,0.127553773,-0.723215692,-0.850769465,-0.595661919
TAF,225,0.029691148,0.12776101,-0.720822932,-0.848583942,-0.593061922
TAF,226,0.029739309,0.127968247,-0.718442411,-0.846410658,-0.590474164
TAF,227,0.029787469,0.128175479,-0.716074035,-0.844249514,-0.587898556
TAF,228,0.02983563,0.128382716,-0.713717712,-0.842100428,-0.585334996
TAF,229,0.02988379,0.128589948,-0.711373349,-0.839963297,-0.582783401
TAF,230,0.029931951,0.128797185,-0.709040856,-0.837838041,-0.580243671
TAF,231,0.029980112,0.129004422,-0.706720142,-0.835724564,-0.57771572
TAF,232,0.030028272,0.129211654,-0.704411119,-0.833622773,-0.575199465
TAF,233,0.030076433,0.129418891,-0.702113699,-0.83153259,-0.572694808
TAF,234,0.030124593,0.129626124,-0.699827794,-0.829453918,-0.57020167
TAF,235,0.030172754,0.12983336,-0.697553319,-0.827386679,-0.567719959
TAF,236,0.030220915,0.130040597,-0.695290187,-0.825330784,-0.56524959
TAF,237,0.030269075,0.13024783,-0.693038313,-0.823286143,-0.562790483
TAF,238,0.030317236,0.130455067,-0.690797615,-0.821252682,-0.560342548
TAF,239,0.030365396,0.130662299,-0.688568009,-0.819230308,-0.55790571
TAF,240,0.030413557,0.130869536,-0.686349413,-0.817218949,-0.555479877
TAF,241,0.030461718,0.131076773,-0.684141746,-0.815218519,-0.553064973
TAF,242,0.030509878,0.131284005,-0.681944926,-0.813228931,-0.550660921
TAF,243,0.030558039,0.131491242,-0.679758875,-0.811250117,-0.548267633
TAF,244,0.030606199,0.131698474,-0.677583514,-0.809281988,-0.54588504
TAF,245,0.03065436,0.131905711,-0.675418763,-0.807324474,-0.543513052
TAF,246,0.030702521,0.132112948,-0.673264546,-0.805377494,-0.541151598
TAF,247,0.030750681,0.13232018,-0.671120786,-0.803440966,-0.538800606
TAF,248,0.030798842,0.132527417,-0.668987407,-0.801514824,-0.53645999
TAF,249,0.030847002,0.13273465,-0.666864333,-0.799598983,-0.534129683
TAF,250,0.030895163,0.132941886,-0.664751491,-0.797693377,-0.531809605
TAF,251,0.030943323,0.133149119,-0.662648806,-0.795797925,-0.529499687
TAF,252,0.030991484,0.133356356,-0.660556206,-0.793912562,-0.52719985
TAF,253,0.031039645,0.133563592,-0.658473618,-0.79203721,-0.524910026
TAF,254,0.031087805,0.133770825,-0.65640097,-0.790171795,-0.522630145
TAF,255,0.031135966,0.133978062,-0.654338192,-0.788316254,-0.52036013
TAF,256,0.031184126,0.134185294,-0.652285213,-0.786470507,-0.518099919
TAF,257,0.031232287,0.134392531,-0.650241963,-0.784634494,-0.515849432
TAF,258,0.031280448,0.134599768,-0.648208373,-0.782808141,-0.513608605
TAF,259,0.031328608,0.134807,-0.646184375,-0.780991375,-0.511377375
TAF,260,0.031376769,0.135014237,-0.644169902,-0.779184139,-0.509155665
TAF,261,0.031424929,0.135221469,-0.642164886,-0.777386355,-0.506943417
TAF,262,0.03147309,0.135428706,-0.640169261,-0.775597967,-0.504740555
TAF,263,0.031521251,0.135635943,-0.638182961,-0.773818904,-0.502547018
TAF,264,0.031569411,0.135843176,-0.63620592,-0.772049096,-0.500362744
TAF,265,0.031617572,0.136050412,-0.634238075,-0.770288487,-0.498187663
TAF,266,0.031665732,0.136257645,-0.632279361,-0.768537006,-0.496021716
TAF,267,0.031713893,0.136464882,-0.630329715,-0.766794597,-0.493864833
TAF,268,0.031762054,0.136672118,-0.628389074,-0.765061192,-0.491716956
TAF,269,0.031810214,0.136879351,-0.626457375,-0.763336726,-0.489578024
TAF,270,0.031858375,0.137086588,-0.624534557,-0.761621145,-0.487447969
TAF,271,0.031906535,0.13729382,-0.62262056,-0.75991438,-0.48532674
TAF,272,0.031954696,0.137501057,-0.620715321,-0.758216378,-0.483214264
TAF,273,0.032002856,0.137708289,-0.618818783,-0.756527072,-0.481110494
TAF,274,0.032051017,0.137915526,-0.616930884,-0.75484641,-0.479015358
TAF,275,0.032099178,0.138122763,-0.615051566,-0.753174329,-0.476928803
TAF,276,0.032147338,0.138329995,-0.61318077,-0.751510765,-0.474850775
TAF,277,0.032195499,0.138537232,-0.61131844,-0.749855672,-0.472781208
TAF,278,0.032243659,0.138744465,-0.609464517,-0.748208982,-0.470720052
TAF,279,0.03229182,0.138951701,-0.607618945,-0.746570646,-0.468667244
TAF,280,0.032339981,0.139158938,-0.605781667,-0.744940605,-0.466622729
TAF,281,0.032388141,0.139366171,-0.603952628,-0.743318799,-0.464586457
TAF,282,0.032436302,0.139573408,-0.602131772,-0.74170518,-0.462558364
TAF,283,0.032484462,0.13978064,-0.600319045,-0.740099685,-0.460538405
TAF,284,0.032532623,0.139987877,-0.598514392,-0.738502269,-0.458526515
TAF,285,0.032580784,0.140195114,-0.596717759,-0.736912873,-0.456522645
TAF,286,0.032628944,0.140402346,-0.594929093,-0.735331439,-0.454526747
TAF,287,0.032677105,0.140609583,-0.593148341,-0.733757924,-0.452538758
TAF,288,0.032725265,0.140816815,-0.591375452,-0.732192267,-0.450558637
TAF,289,0.032773426,0.141024052,-0.589610372,-0.730634424,-0.44858632
TAF,290,0.032821587,0.141231289,-0.58785305,-0.729084339,-0.446621761
TAF,291,0.032869747,0.141438521,-0.586103436,-0.727541957,-0.444664915
TAF,292,0.032917908,0.141645758,-0.584361478,-0.726007236,-0.44271572
TAF,293,0.032966068,0.141852991,-0.582627127,-0.724480118,-0.440774136
TAF,294,0.033014229,0.142060227,-0.580900332,-0.722960559,-0.438840105
TAF,295,0.03306239,0.142267464,-0.579181045,-0.721448509,-0.436913581
TAF,296,0.03311055,0.142474697,-0.577469217,-0.719943914,-0.43499452
TAF,297,0.033158711,0.142681933,-0.575764799,-0.718446732,-0.433082866
TAF,298,0.033206871,0.142889166,-0.574067743,-0.716956909,-0.431178577
TAF,299,0.033255032,0.143096403,-0.572378002,-0.715474405,-0.429281599
TAF,300,0.033303192,0.143303635,-0.570695529,-0.713999164,-0.427391894
TAF,301,0.033351353,0.143510872,-0.569020276,-0.712531148,-0.425509404
TAF,302,0.033399514,0.143718109,-0.567352197,-0.711070306,-0.423634088
TAF,303,0.033447674,0.143925341,-0.565691247,-0.709616588,-0.421765906
TAF,304,0.033495835,0.144132578,-0.564037379,-0.708169957,-0.419904801
TAF,305,0.033543995,0.14433981,-0.562390549,-0.706730359,-0.418050739
TAF,306,0.033592156,0.144547047,-0.560750711,-0.705297758,-0.416203664
TAF,307,0.033640317,0.144754284,-0.559117822,-0.703872106,-0.414363538
TAF,308,0.033688477,0.144961517,-0.557491837,-0.702453354,-0.41253032
TAF,309,0.033736638,0.145168753,-0.555872712,-0.701041465,-0.410703959
TAF,310,0.033784798,0.145375986,-0.554260404,-0.69963639,-0.408884418
TAF,311,0.033832959,0.145583223,-0.552654871,-0.698238094,-0.407071648
TAF,312,0.03388112,0.145790459,-0.551056069,-0.696846528,-0.40526561
TAF,313,0.03392928,0.145997692,-0.549463957,-0.695461649,-0.403466265
TAF,314,0.033977441,0.146204929,-0.547878491,-0.69408342,-0.401673562
TAF,315,0.034025601,0.146412161,-0.546299632,-0.692711793,-0.399887471
TAF,316,0.034073762,0.146619398,-0.544727338,-0.691346736,-0.39810794
TAF,317,0.034121923,0.146826635,-0.543161567,-0.689988202,-0.396334932
TAF,318,0.034170083,0.147033867,-0.541602279,-0.688636146,-0.394568412
TAF,319,0.034218244,0.147241104,-0.540049435,-0.687290539,-0.392808331
TAF,320,0.034266404,0.147448336,-0.538502994,-0.68595133,-0.391054658
TAS,0,0,0,-1.93,-1.93,-1.93
TAS,1,0,0,-1.908765831,-1.908765831,-1.908765831
TAS,2,0,0,-1.887614997,-1.887614997,-1.887614997
TAS,3,0,0,-1.866547007,-1.866547007,-1.866547007
TAS,4,0,0,-1.845561376,-1.845561376,-1.845561376
TAS,5,0,0,-1.824657622,-1.824657622,-1.824657622
TAS,6,0,0,-1.803835267,-1.803835267,-1.803835267
TAS,7,0,0,-1.783093836,-1.783093836,-1.783093836
TAS,8,0,0,-1.762432858,-1.762432858,-1.762432858
TAS,9,0,0,-1.741851866,-1.741851866,-1.741851866
TAS,10,0,0,-1.721350397,-1.721350397,-1.721350397
TAS,11,0,0,-1.70092799,-1.70092799,-1.70092799
TAS,12,0,0,-1.68058419,-1.68058419,-1.68058419
TAS,13,0,0,-1.660318542,-1.660318542,-1.660318542
TAS,14,0,0,-1.640130598,-1.640130598,-1.640130598
TAS,15,0,0,-1.620019912,-1.620019912,-1.620019912
TAS,16,0,0,-1.59998604,-1.59998604,-1.59998604
TAS,17,0,0,-1.580028544,-1.580028544,-1.580028544
TAS,18,0,0,-1.560146988,-1.560146988,-1.560146988
TAS,19,0,0,-1.540340939,-1.540340939,-1.540340939
TAS,20,0,0,-1.520609967,-1.520609967,-1.520609967
TAS,21,0,0,-1.500953648,-1.500953648,-1.500953648
TAS,22,0,0,-1.481371557,-1.481371557,-1.481371557
TAS,23,0,0,-1.461863275,-1.461863275,-1.461863275
TAS,24,0,0,-1.442428386,-1.442428386,-1.442428386
TAS,25,0,0,-1.423066476,-1.423066476,-1.423066476
TAS,26,0,0,-1.403777135,-1.403777135,-1.403777135
TAS,27,0,0,-1.384559956,-1.384559956,-1.384559956
TAS,28,0,0,-1.365414534,-1.365414534,-1.365414534
TAS,29,0,0,-1.346340469,-1.346340469,-1.346340469
TAS,30,0,0,-1.327337362,-1.327337362,-1.327337362
TAS,31,0,0,-1.308404818,-1.308404818,-1.308404818
TAS,32,0,0,-1.289542444,-1.289542444,-1.289542444
TAS,33,0,0,-1.270749852,-1.270749852,-1.270749852
TAS,34,0,0,-1.252026655,-1.252026655,-1.252026655
TAS,35,0,0,-1.233372468,-1.233372468,-1.233372468
TAS,36,0,0,-1.214786912,-1.214786912,-1.214786912
TAS,37,0,0,-1.196269608,-1.196269608,-1.196269608
TAS,38,0,0,-1.177820181,-1.177820181,-1.177820181
TAS,39,0,0,-1.159438259,-1.159438259,-1.159438259
TAS,40,0,0,-1.141123471,-1.141123471,-1.141123471
TAS,41,0,0,-1.12287545,-1.12287545,-1.12287545
TAS,42,0,0,-1.104693832,-1.104693832,-1.104693832
TAS,43,0,0,-1.086578256,-1.086578256,-1.086578256
TAS,44,0,0,-1.068528362,-1.068528362,-1.068528362
TAS,45,0,0,-1.050543793,-1.050543793,-1.050543793
TAS,46,0,0,-1.032624195,-1.032624195,-1.032624195
TAS,47,0,0,-1.014769218,-1.014769218,-1.014769218
TAS,48,0,0,-0.996978512,-0.996978512,-0.996978512
TAS,49,0,0,-0.97925173,-0.97925173,-0.97925173
TAS,50,0,0,-0.96158853,-0.96158853,-0.96158853
TAS,51,0,0,-0.943988569,-0.943988569,-0.943988569
TAS,52,0,0,-0.926451508,-0.926451508,-0.926451508
TAS,53,0,0,-0.90897701,-0.90897701,-0.90897701
TAS,54,0,0,-0.891564743,-0.891564743,-0.891564743
TAS,55,0,0,-0.874214373,-0.874214373,-0.874214373
TAS,56,0,0,-0.856925571,-0.856925571,-0.856925571
TAS,57,0,0,-0.83969801,-0.83969801,-0.83969801
TAS,58,0,0,-0.822531366,-0.822531366,-0.822531366
TAS,59,0,0,-0.805425316,-0.805425316,-0.805425316
TAS,60,0,0,-0.788379539,-0.788379539,-0.788379539
TAS,61,0,0,-0.771393717,-0.771393717,-0.771393717
TAS,62,0,0,-0.754467535,-0.754467535,-0.754467535
TAS,63,0,0,-0.73760068,-0.73760068,-0.73760068
TAS,64,0,0,-0.720792839,-0.720792839,-0.720792839
TAS,65,0,0,-0.704043704,-0.704043704,-0.704043704
TAS,66,0,0,-0.687352967,-0.687352967,-0.687352967
TAS,67,0,0,-0.670720324,-0.670720324,-0.670720324
TAS,68,0,0,-0.654145473,-0.654145473,-0.654145473
TAS,69,0,0,-0.637628111,-0.637628111,-0.637628111
TAS,70,0,0,-0.621167941,-0.621167941,-0.621167941
TAS,71,0,0,-0.604764666,-0.604764666,-0.604764666
TAS,72,0,0,-0.588417992,-0.588417992,-0.588417992
TAS,73,0,0,-0.572127626,-0.572127626,-0.572127626
TAS,74,0,0,-0.555893278,-0.555893278,-0.555893278
TAS,75,0,0,-0.539714659,-0.539714659,-0.539714659
TAS,76,0,0,-0.523591483,-0.523591483,-0.523591483
TAS,77,0,0,-0.507523466,-0.507523466,-0.507523466
TAS,78,0,0,-0.491510324,-0.491510324,-0.491510324
TAS,79,0,0,-0.475551777,-0.475551777,-0.475551777
TAS,80,0,0,-0.459647547,-0.459647547,-0.459647547
TAS,81,0,0,-0.443797356,-0.443797356,-0.443797356
TAS,82,0,0,-0.42800093,-0.42800093,-0.42800093
TAS,83,0,0,-0.412257995,-0.412257995,-0.412257995
TAS,84,0,0,-0.396568281,-0.396568281,-0.396568281
TAS,85,0,0,-0.380931517,-0.380931517,-0.380931517
TAS,86,0,0,-0.365347437,-0.365347437,-0.365347437
TAS,87,0,0,-0.349815774,-0.349815774,-0.349815774
TAS,88,0,0,-0.334336265,-0.334336265,-0.334336265
TAS,89,0,0,-0.318908647,-0.318908647,-0.318908647
TAS,90,0,0,-0.303532659,-0.303532659,-0.303532659
TAS,91,0,0,-0.288208044,-0.288208044,-0.288208044
TAS,92,0,0,-0.272934543,-0.272934543,-0.272934543
TAS,93,0,0,-0.257711902,-0.257711902,-0.257711902
TAS,94,0,0,-0.242539867,-0.242539867,-0.242539867
TAS,95,0,0,-0.227418186,-0.227418186,-0.227418186
TAS,96,0,0,-0.212346609,-0.212346609,-0.212346609
TAS,97,0,0,-0.197324887,-0.197324887,-0.197324887
TAS,98,0,0,-0.182352774,-0.182352774,-0.182352774
TAS,99,0,0,-0.167430023,-0.167430023,-0.167430023
TAS,100,0,0,-0.152556391,-0.152556391,-0.152556391
TAS,101,0,0,-0.137731636,-0.137731636,-0.137731636
TAS,102,0,0,-0.122955518,-0.122955518,-0.122955518
TAS,103,0,0,-0.108227798,-0.108227798,-0.108227798
TAS,104,0,0,-0.093548237,-0.093548237,-0.093548237
TAS,105,0,0,-0.078916601,-0.078916601,-0.078916601
TAS,106,0,0,-0.064332655,-0.064332655,-0.064332655
TAS,107,0,0,-0.049796166,-0.049796166,-0.049796166
TAS,108,0,0,-0.035306903,-0.035306903,-0.035306903
TAS,109,0,0,-0.020864637,-0.020864637,-0.020864637
TAS,110,0,0,-0.006469138,-0.006469138,-0.006469138
TAS,111,0,0,0.00787982,0.00787982,0.00787982
TAS,112,0,0,0.022182462,0.022182462,0.022182462
TAS,113,0,0,0.036439012,0.036439012,0.036439012
TAS,114,0,0,0.050649692,0.050649692,0.050649692
TAS,115,0,0,0.064814724,0.064814724,0.064814724
TAS,116,0,0,0.078934327,0.078934327,0.078934327
TAS,117,0,0,0.09300872,0.09300872,0.09300872
TAS,118,0,0,0.107038119,0.107038119,0.107038119
TAS,119,0,0,0.121022739,0.121022739,0.121022739
TAS,120,0,0,0.134962795,0.134962795,0.134962795
TAS,121,0,0,0.148858499,0.148858499,0.148858499
TAS,122,0,0,0.162710063,0.162710063,0.162710063
TAS,123,0,0,0.176517697,0.176517697,0.176517697
TAS,124,0,0,0.190281609,0.190281609,0.190281609
TAS,125,0,0,0.204002006,0.204002006,0.204002006
TAS,126,0,0,0.217679095,0.217679095,0.217679095
TAS,127,0,0,0.23131308,0.23131308,0.23131308
TAS,128,0,0,0.244904166,0.244904166,0.244904166
TAS,129,0,0,0.258452553,0.258452553,0.258452553
TAS,130,0,0,0.271958443,0.271958443,0.271958443
TAS,131,0,0,0.285422035,0.285422035,0.285422035
TAS,132,0,0,0.298843529,0.298843529,0.298843529
TAS,133,0,0,0.31222312,0.31222312,0.31222312
TAS,134,0,0,0.325561006,0.325561006,0.325561006
TAS,135,0,0,0.33885738,0.33885738,0.33885738
TAS,136,0,0,0.352112436,0.352112436,0.352112436
TAS,137,0,0,0.365326367,0.365326367,0.365326367
TAS,138,0,0,0.378499363,0.378499363,0.378499363
TAS,139,0,0,0.391631615,0.391631615,0.391631615
TAS,140,0,0,0.404723311,0.404723311,0.404723311
TAS,141,0,0,0.417774639,0.417774639,0.417774639
TAS,142,0,0,0.430785785,0.430785785,0.430785785
TAS,143,0,0,0.443756934,0.443756934,0.443756934
TAS,144,0,0,0.456688271,0.456688271,0.456688271
TAS,145,0,0,0.469579979,0.469579979,0.469579979
TAS,146,0,0,0.482432239,0.482432239,0.482432239
TAS,147,0,0,0.495245233,0.495245233,0.495245233
TAS,148,0,0,0.50801914,0.50801914,0.50801914
TAS,149,0,0,0.520754138,0.520754138,0.520754138
TAS,150,0,0,0.533450405,0.533450405,0.533450405
TAS,151,0,0,0.546108118,0.546108118,0.546108118
TAS,152,0,0,0.558727452,0.558727452,0.558727452
TAS,153,0,0,0.571308581,0.571308581,0.571308581
TAS,154,0,0,0.583851678,0.583851678,0.583851678
TAS,155,0,0,0.596356916,0.596356916,0.596356916
TAS,156,0,0,0.608824465,0.608824465,0.608824465
TAS,157,0,0,0.621254497,0.621254497,0.621254497
TAS,158,0,0,0.633647179,0.633647179,0.633647179
TAS,159,0,0,0.64600268,0.64600268,0.64600268
TAS,160,0,0,0.658321168,0.658321168,0.658321168
TAS,161,0,0,0.670602808,0.670602808,0.670602808
TAS,162,0,0,0.682847764,0.682847764,0.682847764
TAS,163,0,0,0.695056203,0.695056203,0.695056203
TAS,164,0,0,0.707228286,0.707228286,0.707228286
TAS,165,0,0,0.719364175,0.719364175,0.719364175
TAS,166,0,0,0.731464032,0.731464032,0.731464032
TAS,167,0,0,0.743528018,0.743528018,0.743528018
TAS,168,0,0,0.75555629,0.75555629,0.75555629
TAS,169,0,0,0.767549009,0.767549009,0.767549009
TAS,170,0,0,0.77950633,0.77950633,0.77950633
TAS,171,0,0,0.791428411,0.791428411,0.791428411
TAS,172,0,0,0.803315407,0.803315407,0.803315407
TAS,173,0,0,0.815167473,0.815167473,0.815167473
TAS,174,0,0,0.826984763,0.826984763,0.826984763
TAS,175,0,0,0.838767429,0.838767429,0.838767429
TAS,176,0,0,0.850515623,0.850515623,0.850515623
TAS,177,0,0,0.862229497,0.862229497,0.862229497
TAS,178,0,0,0.8739092,0.8739092,0.8739092
TAS,179,0,0,0.885554882,0.885554882,0.885554882
TAS,180,0,0,0.897166691,0.897166691,0.897166691
TAS,181,0,0,0.908744775,0.908744775,0.908744775
TAS,182,0,0,0.920289281,0.920289281,0.920289281
TAS,183,0,0,0.931800354,0.931800354,0.931800354
TAS,184,0,0,0.94327814,0.94327814,0.94327814
TAS,185,0,0,0.954722782,0.954722782,0.954722782
TAS,186,0,0,0.966134424,0.966134424,0.966134424
TAS,187,0,0,0.977513209,0.977513209,0.977513209
TAS,188,0,0,0.988859278,0.988859278,0.988859278
TAS,189,0,0,1.000172772,1.000172772,1.000172772
TAS,190,0,0,1.011453831,1.011453831,1.011453831
TAS,191,0,0,1.022702595,1.022702595,1.022702595
TAS,192,0,0,1.033919201,1.033919201,1.033919201
TAS,193,0,0,1.045103789,1.045103789,1.045103789
TAS,194,0,0,1.056256493,1.056256493,1.056256493
TAS,195,0,0,1.067377452,1.067377452,1.067377452
TAS,196,0,0,1.078466799,1.078466799,1.078466799
TAS,197,0,0,1.089524671,1.089524671,1.089524671
TAS,198,0,0,1.100551199,1.100551199,1.100551199
TAS,199,0,0,1.111546518,1.111546518,1.111546518
TAS,200,0,0,1.12251076,1.12251076,1.12251076
TAS,201,0,0,1.133444057,1.133444057,1.133444057
TAS,202,0,0,1.144346538,1.144346538,1.144346538
TAS,203,0,0,1.155218335,1.155218335,1.155218335
TAS,204,0,0,1.166059577,1.166059577,1.166059577
TAS,205,0,0,1.176870392,1.176870392,1.176870392
TAS,206,0,0,1.187650908,1.187650908,1.187650908
TAS,207,0,0,1.198401253,1.198401253,1.198401253
TAS,208,0,0,1.209121553,1.209121553,1.209121553
TAS,209,0,0,1.219811933,1.219811933,1.219811933
TAS,210,0,0,1.230472519,1.230472519,1.230472519
TAS,211,0,0,1.241103435,1.241103435,1.241103435
TAS,212,0,0,1.251704805,1.251704805,1.251704805
TAS,213,0,0,1.262276752,1.262276752,1.262276752
TAS,214,0,0,1.272819398,1.272819398,1.272819398
TAS,215,0,0,1.283332865,1.283332865,1.283332865
TAS,216,0,0,1.293817274,1.293817274,1.293817274
TAS,217,0,0,1.304272744,1.304272744,1.304272744
TAS,218,0,0,1.314699397,1.314699397,1.314699397
TAS,219,0,0,1.32509735,1.32509735,1.32509735
TAS,220,0,0,1.335466722,1.335466722,1.335466722
TAS,221,0,0,1.345807631,1.345807631,1.345807631
TAS,222,0,0,1.356120194,1.356120194,1.356120194
TAS,223,0,0,1.366404527,1.366404527,1.366404527
TAS,224,0,0,1.376660746,1.376660746,1.376660746
TAS,225,0,0,1.386888966,1.386888966,1.386888966
TAS,226,0,0,1.397089301,1.397089301,1.397089301
TAS,227,0,0,1.407261866,1.407261866,1.407261866
TAS,228,0,0,1.417406774,1.417406774,1.417406774
TAS,229,0,0,1.427524136,1.427524136,1.427524136
TAS,230,0,0,1.437614066,1.437614066,1.437614066
TAS,231,0,0,1.447676675,1.447676675,1.447676675
TAS,232,0,0,1.457712074,1.457712074,1.457712074
TAS,233,0,0,1.467720372,1.467720372,1.467720372
TAS,234,0,0,1.47770168,1.47770168,1.47770168
TAS,235,0,0,1.487656106,1.487656106,1.487656106
TAS,236,0,0,1.497583759,1.497583759,1.497583759
TAS,237,0,0,1.507484747,1.507484747,1.507484747
TAS,238,0,0,1.517359177,1.517359177,1.517359177
TAS,239,0,0,1.527207155,1.527207155,1.527207155
TAS,240,0,0,1.537028789,1.537028789,1.537028789
TAS,241,0,0,1.546824183,1.546824183,1.546824183
TAS,242,0,0,1.556593442,1.556593442,1.556593442
TAS,243,0,0,1.566336672,1.566336672,1.566336672
TAS,244,0,0,1.576053975,1.576053975,1.576053975
TAS,245,0,0,1.585745456,1.585745456,1.585745456
TAS,246,0,0,1.595411216,1.595411216,1.595411216
TAS,247,0,0,1.605051359,1.605051359,1.605051359
TAS,248,0,0,1.614665986,1.614665986,1.614665986
TAS,249,0,0,1.624255198,1.624255198,1.624255198
TAS,250,0,0,1.633819095,1.633819095,1.633819095
TAS,251,0,0,1.643357779,1.643357779,1.643357779
TAS,252,0,0,1.652871348,1.652871348,1.652871348
TAS,253,0,0,1.662359901,1.662359901,1.662359901
TAS,254,0,0,1.671823538,1.671823538,1.671823538
TAS,255,0,0,1.681262356,1.681262356,1.681262356
TAS,256,0,0,1.690676452,1.690676452,1.690676452
TAS,257,0,0,1.700065924,1.700065924,1.700065924
TAS,258,0,0,1.709430867,1.709430867,1.709430867
TAS,259,0,0,1.718771379,1.718771379,1.718771379
TAS,260,0,0,1.728087555,1.728087555,1.728087555
TAS,261,0,0,1.737379488,1.737379488,1.737379488
TAS,262,0,0,1.746647275,1.746647275,1.746647275
TAS,263,0,0,1.755891009,1.755891009,1.755891009
TAS,264,0,0,1.765110784,1.765110784,1.765110784
TAS,265,0,0,1.774306692,1.774306692,1.774306692
TAS,266,0,0,1.783478826,1.783478826,1.783478826
TAS,267,0,0,1.792627278,1.792627278,1.792627278
TAS,268,0,0,1.80175214,1.80175214,1.80175214
TAS,269,0,0,1.810853503,1.810853503,1.810853503
TAS,270,0,0,1.819931458,1.819931458,1.819931458
TAS,271,0,0,1.828986094,1.828986094,1.828986094
TAS,272,0,0,1.838017502,1.838017502,1.838017502
TAS,273,0,0,1.84702577,1.84702577,1.84702577
TAS,274,0,0,1.856010989,1.856010989,1.856010989
TAS,275,0,0,1.864973245,1.864973245,1.864973245
TAS,276,0,0,1.873912627,1.873912627,1.873912627
TAS,277,0,0,1.882829222,1.882829222,1.882829222
TAS,278,0,0,1.891723117,1.891723117,1.891723117
TAS,279,0,0,1.9005944,1.9005944,1.9005944
TAS,280,0,0,1.909443155,1.909443155,1.909443155
TAS,281,0,0,1.91826947,1.91826947,1.91826947
TAS,282,0,0,1.927073428,1.927073428,1.927073428
TAS,283,0,0,1.935855115,1.935855115,1.935855115
TAS,284,0,0,1.944614615,1.944614615,1.944614615
TAS,285,0,0,1.953352013,1.953352013,1.953352013
TAS,286,0,0,1.962067391,1.962067391,1.962067391
TAS,287,0,0,1.970760833,1.970760833,1.970760833
TAS,288,0,0,1.979432421,1.979432421,1.979432421
TAS,289,0,0,1.988082239,1.988082239,1.988082239
TAS,290,0,0,1.996710367,1.996710367,1.996710367
TAS,291,0,0,2.005316888,2.005316888,2.005316888
TAS,292,0,0,2.013901882,2.013901882,2.013901882
TAS,293,0,0,2.022465429,2.022465429,2.022465429
TAS,294,0,0,2.031007612,2.031007612,2.031007612
TAS,295,0,0,2.039528508,2.039528508,2.039528508
TAS,296,0,0,2.048028197,2.048028197,2.048028197
TAS,297,0,0,2.05650676,2.05650676,2.05650676
TAS,298,0,0,2.064964274,2.064964274,2.064964274
TAS,299,0,0,2.073400817,2.073400817,2.073400817
TAS,300,0,0,2.081816468,2.081816468,2.081816468
TAS,301,0,0,2.090211303,2.090211303,2.090211303
TAS,302,0,0,2.098585401,2.098585401,2.098585401
TAS,303,0,0,2.106938838,2.106938838,2.106938838
TAS,304,0,0,2.11527169,2.11527169,2.11527169
TAS,305,0,0,2.123584033,2.123584033,2.123584033
TAS,306,0,0,2.131875944,2.131875944,2.131875944
TAS,307,0,0,2.140147496,2.140147496,2.140147496
TAS,308,0,0,2.148398765,2.148398765,2.148398765
TAS,309,0,0,2.156629826,2.156629826,2.156629826
TAS,310,0,0,2.164840752,2.164840752,2.164840752
TAS,311,0,0,2.173031618,2.173031618,2.173031618
TAS,312,0,0,2.181202497,2.181202497,2.181202497
TAS,313,0,0,2.189353462,2.189353462,2.189353462
TAS,314,0,0,2.197484585,2.197484585,2.197484585
TAS,315,0,0,2.20559594,2.20559594,2.20559594
TAS,316,0,0,2.213687597,2.213687597,2.213687597
TAS,317,0,0,2.221759629,2.221759629,2.221759629
TAS,318,0,0,2.229812107,2.229812107,2.229812107
TAS,319,0,0,2.237845102,2.237845102,2.237845102
TAS,320,0,0,2.245858685,2.245858685,2.245858685
